official_symbol,aka
ADNP,ADNP1
ADNP,HVDAS
ADNP,MRD28
ADNP2,ZNF508
AEBP1,ACLP
AHCTF1,ELYS
AHCTF1,MST108
AHCTF1,TMBS62
AHCTF1,MSTP108
AHDC1,MRD25
AHDC1,XIGIS
AHR,RP85
AHR,bHLHe76
AHRR,AHH
AHRR,AHHR
AHRR,bHLHe77
AIRE,APS1
AIRE,APSI
AIRE,PGA1
AIRE,AIRE1
AIRE,APECED
AKAP8,AKAP-8
AKAP8,AKAP95
AKAP8,AKAP 95
AKAP8,AKAP-95
AKAP8L,HA95
AKAP8L,HAP95
AKAP8L,NAKAP
AKAP8L,NAKAP95
ALX1,FND3
ALX1,CART1
ALX1,HEL23
ALX3,FND
ALX3,FND1
ALX4,CRS5
ALX4,FND2
ANKZF1,Vms1
ANKZF1,ZNF744
AR,KD
AR,AIS
AR,AR8
AR,TFM
AR,DHTR
AR,SBMA
AR,HYSP1
AR,NR3C4
AR,SMAX1
AR,HUMARA
ARHGAP35,GRF-1
ARHGAP35,GRLF1
ARHGAP35,P190A
ARHGAP35,P190-A
ARHGAP35,p190RhoGAP
ARHGAP35,p190ARhoGAP
ARID2,CSS6
ARID2,p200
ARID2,BAF200
ARID2,SMARCF3
ARID3A,DRIL1
ARID3A,DRIL3
ARID3A,BRIGHT
ARID3A,E2FBP1
ARID3B,BDP
ARID3B,DRIL2
ARID5A,MRF1
ARID5A,MRF-1
ARID5A,RP11-363D14
ARID5B,MRF2
ARID5B,DESRT
ARID5B,MRF-2
ARNT,HIF1B
ARNT,TANGO
ARNT,bHLHe2
ARNT,HIF1BETA
ARNT,HIF-1beta
ARNT,HIF1-beta
ARNT,HIF-1-beta
ARNT2,WEDAS
ARNT2,bHLHe1
ARNTL,TIC
ARNTL,JAP3
ARNTL,MOP3
ARNTL,BMAL1
ARNTL,PASD3
ARNTL,BMAL1c
ARNTL,bHLHe5
ARNTL2,CLIF
ARNTL2,MOP9
ARNTL2,BMAL2
ARNTL2,PASD9
ARNTL2,bHLHe6
ARX,ISSX
ARX,PRTS
ARX,CT121
ARX,EIEE1
ARX,MRX29
ARX,MRX32
ARX,MRX33
ARX,MRX36
ARX,MRX38
ARX,MRX43
ARX,MRX54
ARX,MRX76
ARX,MRX87
ARX,MRXS1
ASCL1,ASH1
ASCL1,HASH1
ASCL1,MASH1
ASCL1,bHLHa46
ASCL2,ASH2
ASCL2,HASH2
ASCL2,MASH2
ASCL2,bHLHa45
ASCL3,SGN1
ASCL3,HASH3
ASCL3,bHLHa42
ASCL4,ASH-4
ASCL4,HASH4
ASCL4,bHLHa44
ASCL5,ASH-5
ASCL5,bHLHa47
ASH1L,ASH1
ASH1L,KMT2H
ASH1L,MRD52
ASH1L,ASH1L1
ATF1,TREB36
ATF1,EWS-ATF1
ATF1,FUS/ATF-1
ATF2,HB16
ATF2,CREB2
ATF2,TREB7
ATF2,CREB-2
ATF2,CRE-BP1
ATF4,CREB2
ATF4,TXREB
ATF4,CREB-2
ATF4,TAXREB67
ATF5,ATFX
ATF5,HMFN0395
ATF6,ACHM7
ATF6,ATF6A
ATF6B,G13
ATF6B,CREBL1
ATF6B,CREB-RP
ATF7,ATFA
ATMIN,ASCIZ
ATMIN,ZNF822
ATOH1,ATH1
ATOH1,HATH1
ATOH1,MATH-1
ATOH1,bHLHa14
ATOH7,Math5
ATOH7,NCRNA
ATOH7,RNANC
ATOH7,PHPVAR
ATOH7,bHLHa13
ATOH8,HATH6
ATOH8,bHLHa21
BACH1,BACH-1
BACH1,BTBD24
BACH2,IMD60
BACH2,BTBD25
BATF,SFA2
BATF,B-ATF
BATF,BATF1
BATF,SFA-2
BATF2,SARI
BATF3,JDP1
BATF3,SNFT
BATF3,JUNDM1
BAZ2A,TIP5
BAZ2A,WALp3
BAZ2B,WALp4
BBX,HBP2
BBX,ARTC1
BBX,MDS001
BBX,HSPC339
BCL6,BCL5
BCL6,LAZ3
BCL6,BCL6A
BCL6,ZNF51
BCL6,ZBTB27
BCL6B,BAZF
BCL6B,ZNF62
BCL6B,ZBTB28
BCL11A,EVI9
BCL11A,CTIP1
BCL11A,DILOS
BCL11A,ZNF856
BCL11A,HBFQTL5
BCL11A,SMARCM1
BCL11A,BCL11A-L
BCL11A,BCL11A-S
BCL11A,BCL11a-M
BCL11A,BCL11A-XL
BCL11B,ATL1
BCL11B,RIT1
BCL11B,CTIP2
BCL11B,IMD49
BCL11B,CTIP-2
BCL11B,IDDFSTA
BCL11B,SMARCM2
BCL11B,ZNF856B
BCL11B,ATL1-beta
BCL11B,ATL1-alpha
BCL11B,ATL1-delta
BCL11B,ATL1-gamma
BCL11B,hRIT1-alpha
BHLHA9,CCSPD
BHLHA9,BHLHF42
BHLHA15,MIST1
BHLHA15,BHLHB8
BHLHE22,Beta3
BHLHE22,BHLHB5
BHLHE22,Beta3a
BHLHE22,CAGL85
BHLHE22,TNRC20
BHLHE23,BETA4
BHLHE23,BHLHB4
BHLHE23,Beta3b
BHLHE23,bA305P22.3
BHLHE40,DEC1
BHLHE40,HLHB2
BHLHE40,BHLHB2
BHLHE40,Clast5
BHLHE40,SHARP2
BHLHE40,STRA13
BHLHE40,Stra14
BHLHE40,SHARP-2
BHLHE41,DEC2
BHLHE41,FNSS1
BHLHE41,hDEC2
BHLHE41,BHLHB3
BHLHE41,SHARP1
BNC1,BNC
BNC1,BSN1
BNC1,POF16
BNC1,HsT19447
BNC2,BSN2
BNC2,LUTO
BPTF,FAC1
BPTF,FALZ
BPTF,NEDDFL
BPTF,NURF301
BRF2,BRFU
BRF2,TFIIIB50
BSX,BSX1
CAMTA1,CANPMR
CARF,ALS2CR8
CARF,NYD-SP24
CASZ1,CST
CASZ1,SRG
CASZ1,CAS11
CASZ1,ZNF693
CASZ1,dJ734G22.1
CBLL2,CT138
CBLL2,HAKAIL
CBLL2,ZNF645
CBX2,M33
CBX2,CDCA6
CBX2,SRXY5
CC2D1A,Lgd2
CC2D1A,MRT3
CC2D1A,TAPE
CC2D1A,Aki-1
CC2D1A,FREUD-1
CC2D1A,Freud-1/Aki1
CDC5L,CDC5
CDC5L,CEF1
CDC5L,PCDC5RP
CDC5L,CDC5-LIKE
CDC5L,dJ319D22.1
CDX2,CDX3
CDX2,CDX-3
CDX2,CDX2/AS
CEBPA,CEBP
CEBPA,C/EBP-alpha
CEBPB,TCF5
CEBPB,IL6DBP
CEBPB,NF-IL6
CEBPB,C/EBP-beta
CEBPD,CELF
CEBPD,CRP3
CEBPD,C/EBP-delta
CEBPD,NF-IL6-beta
CEBPE,CRP1
CEBPE,C/EBP-epsilon
CEBPE,c/EBP epsilon
CEBPG,GPE1BP
CEBPG,IG/EBP-1
CEBPZ,CBF
CEBPZ,CBF2
CEBPZ,NOC1
CEBPZ,HSP-CBF
CENPA,CenH3
CENPA,CENP-A
CENPS,MHF1
CENPS,APITD1
CENPS,CENP-S
CENPS,FAAP16
CENPT,SSMGA
CENPT,CENP-T
CENPT,C16orf56
CENPX,D9
CENPX,MHF2
CENPX,CENP-X
CENPX,FAAP10
CENPX,STRA13
CGGBP1,CGGBP
CGGBP1,p20-CGGBP
CHAMP1,CAMP
CHAMP1,CHAMP
CHAMP1,MRD40
CHAMP1,ZNF828
CHAMP1,C13orf8
CHCHD3,Mic19
CHCHD3,MINOS3
CHCHD3,MICOS19
CHCHD3,PPP1R22
CIC,MRD45
CLOCK,KAT13D
CLOCK,bHLHe8
CPEB1,CPEB
CPEB1,CPEB-1
CPEB1,h-CPEB
CPEB1,CPE-BP1
CPEB1,hCPEB-1
CPXCR1,CT77
CREB1,CREB
CREB1,CREB-1
CREB3,LZIP
CREB3,LUMAN
CREB3,sLZIP
CREB3L1,OI16
CREB3L1,OASIS
CREB3L2,BBF2H7
CREB3L3,CREBH
CREB3L3,HYTG2
CREB3L3,CREB-H
CREB3L3,HYST1481
CREB3L4,JAL
CREB3L4,hJAL
CREB3L4,ATCE1
CREB3L4,CREB3
CREB3L4,CREB4
CREB3L4,AIBZIP
CREB5,CREB-5
CREB5,CREBPA
CREB5,CRE-BPA
CREBZF,ZF
CREBZF,SMILE
CREM,ICER
CREM,CREM-2
CREM,hCREM-2
CRX,CRD
CRX,LCA7
CRX,OTX3
CRX,CORD2
CSRNP1,AXUD1
CSRNP1,URAX1
CSRNP1,TAIP-3
CSRNP1,CSRNP-1
CSRNP1,FAM130B
CSRNP2,C12orf2
CSRNP2,PPP1R72
CSRNP2,TAIP-12
CSRNP2,C12orf22
CSRNP2,FAM130A1
CSRNP3,TAIP2
CSRNP3,TAIP-2
CSRNP3,PPP1R73
CSRNP3,FAM130A2
CTCF,MRD21
CTCF,FAP108
CTCF,CFAP108
CTCFL,CT27
CTCFL,BORIS
CTCFL,CTCF-T
CTCFL,HMGB1L1
CTCFL,dJ579F20.2
CUX2,CDP2
CUX2,CUTL2
CUX2,DEE67
CUX2,EIEE67
CXXC1,CFP1
CXXC1,CGBP
CXXC1,SPP1
CXXC1,PCCX1
CXXC1,PHF18
CXXC1,hCGBP
CXXC1,ZCGPC1
CXXC1,HsT2645
CXXC1,2410002I16Rik
CXXC1,5830420C16Rik
CXXC4,IDAX
CXXC5,CF5
CXXC5,WID
CXXC5,RINF
CXXC5,HSPC195
DACH1,DACH
DBP,DABP
DBP,taxREB302
DEAF1,SPN
DEAF1,NUDR
DEAF1,VSVS
DEAF1,MRD24
DEAF1,ZMYND5
DEAF1,NEDHELS
DLX2,TES1
DLX2,TES-1
DLX3,AI4
DLX3,TDO
DLX4,BP1
DLX4,DLX7
DLX4,DLX8
DLX4,DLX9
DLX4,OFC15
DLX5,SHFM1
DLX5,SHFM1D
DMBX1,MBX
DMBX1,OTX3
DMBX1,PAXB
DMRT1,DMT1
DMRT1,CT154
DMRT2,DSXL-2
DMRT3,DMRTA3
DMRTA1,DMO
DMRTA1,DMRT4
DMTF1,DMP1
DMTF1,DMTF
DMTF1,MRUL
DMTF1,hDMP1
DNMT1,AIM
DNMT1,DNMT
DNMT1,MCMT
DNMT1,CXXC9
DNMT1,HSN1E
DNMT1,ADCADN
DNMT1,m.HsaI
DNTTIP1,Tdif1
DNTTIP1,C20orf167
DNTTIP1,dJ447F3.4
DOT1L,DOT1
DOT1L,KMT4
DPF1,NEUD4
DPF1,BAF45b
DPF1,SMARCG1
DPF1,neuro-d4
DPF3,CERD4
DPF3,BAF45C
DPF3,SMARCG3
DR1,NC2
DR1,NC2B
DR1,NCB2
DR1,NC2-BETA
DRAP1,NC2-alpha
DRGX,DRG11
DRGX,PRRXL1
DUX4,DUX4L
DZIP1,DZIP
DZIP1,MVP3
DZIP1,DZIPt1
DZIP1,SPGF47
E2F1,RBP3
E2F1,E2F-1
E2F1,RBAP1
E2F1,RBBP3
E2F2,E2F-2
E2F3,E2F-3
E2F4,E2F-4
E2F5,E2F-5
E2F6,E2F-6
E2F8,E2F-8
E4F1,E4F
EBF1,EBF
EBF1,COE1
EBF1,OLF1
EBF1,O/E-1
EBF2,COE2
EBF2,OE-3
EBF2,EBF-2
EBF2,O/E-3
EBF3,COE3
EBF3,OE-2
EBF3,EBF-3
EBF3,HADDS
EBF3,O/E-2
EBF4,COE4
EBF4,OE-4
EBF4,O/E-4
EEA1,MST105
EEA1,ZFYVE2
EEA1,MSTP105
EGR1,TIS8
EGR1,AT225
EGR1,G0S30
EGR1,NGFI-A
EGR1,ZNF225
EGR1,KROX-24
EGR1,ZIF-268
EGR2,CHN1
EGR2,AT591
EGR2,CMT1D
EGR2,CMT4E
EGR2,KROX20
EGR3,EGR-3
EGR3,PILOT
EGR4,AT133
EGR4,NGFIC
EGR4,NGFI-C
EGR4,PAT133
EHF,ESE3
EHF,ESEJ
EHF,ESE3B
ELF1,RIA1
ELF1,EFTUD1
ELF2,EU32
ELF2,NERF
ELF2,NERF-2
ELF2,NERF-1A
ELF2,NERF-1B
ELF2,"NERF-1a,b"
ELF3,ERT
ELF3,ESX
ELF3,EPR-1
ELF3,ESE-1
ELF4,MEF
ELF4,ELFR
ELF5,ESE2
ELK3,ERP
ELK3,NET
ELK3,SAP2
ELK3,SAP-2
ELK4,SAP1
EN1,ENDOVESLB
EOMES,TBR2
EPAS1,HLF
EPAS1,MOP2
EPAS1,ECYT4
EPAS1,HIF2A
EPAS1,PASD2
EPAS1,bHLHe73
ERF,PE2
ERF,CRS4
ERF,PE-2
ERF,CHYTS
ERG,p55
ERG,erg-3
ESR1,ER
ESR1,ESR
ESR1,Era
ESR1,ESRA
ESR1,ESTRR
ESR1,NR3A1
ESR2,Erb
ESR2,ESRB
ESR2,ODG8
ESR2,ESTRB
ESR2,NR3A2
ESR2,ER-BETA
ESR2,ESR-BETA
ESRRA,ERR1
ESRRA,ERRa
ESRRA,ESRL1
ESRRA,NR3B1
ESRRA,ERRalpha
ESRRB,ERR2
ESRRB,ERRb
ESRRB,ESRL2
ESRRB,NR3B2
ESRRB,DFNB35
ESRRB,ERRbeta2
ESRRB,ERR beta-2
ESRRG,ERR3
ESRRG,ERRg
ESRRG,NR3B3
ESRRG,ERRgamma
ESRRG,ERR-gamma
ESX1,ESX1L
ESX1,ESXR1
ETS1,p54
ETS1,ETS-1
ETS1,EWSR2
ETS1,c-ets-1
ETS2,ETS2IT1
ETV1,ER81
ETV2,ER71
ETV2,ETSRP71
ETV3,PE1
ETV3,METS
ETV3,PE-1
ETV4,E1AF
ETV4,PEA3
ETV4,E1A-F
ETV4,PEAS3
ETV5,ERM
ETV6,TEL
ETV6,THC5
ETV6,TEL/ABL
ETV7,TEL2
ETV7,TELB
ETV7,TEL-2
EVX1,EVX-1
EVX2,EVX-2
FAM170A,ZNFD
FAM200B,C4orf53
FBXL19,Fbl19
FBXL19,CXXC11
FBXL19,JHDM1C
FERD3L,PTFB
FERD3L,NATO3
FERD3L,NTWIST
FERD3L,N-TWIST
FERD3L,bHLHa31
FEV,PET-1
FEV,HSRNAFEV
FEZF1,FEZ
FEZF1,HH22
FEZF1,ZNF312B
FEZF2,FEZ
FEZF2,TOF
FEZF2,FEZL
FEZF2,FKSG36
FEZF2,ZFP312
FEZF2,ZNF312
FIGLA,POF6
FIGLA,BHLHC8
FIGLA,FIGALPHA
FIZ1,ZNF798
FLI1,EWSR2
FLI1,SIC-1
FLI1,BDPLT21
FOS,p55
FOS,AP-1
FOS,C-FOS
FOSB,AP-1
FOSB,G0S3
FOSB,GOS3
FOSB,GOSB
FOSL1,FRA
FOSL1,FRA1
FOSL1,fra-1
FOSL2,FRA2
FOXA1,HNF3A
FOXA1,TCF3A
FOXA2,HNF3B
FOXA2,TCF3B
FOXA2,HNF-3-beta
FOXA3,FKHH3
FOXA3,HNF3G
FOXA3,TCF3G
FOXB1,FKH5
FOXB1,HFKH-5
FOXB2,bA159H20.4
FOXC1,ARA
FOXC1,IGDA
FOXC1,IHG1
FOXC1,ASGD3
FOXC1,FKHL7
FOXC1,IRID1
FOXC1,RIEG3
FOXC1,FREAC3
FOXC1,FREAC-3
FOXC2,LD
FOXC2,MFH1
FOXC2,MFH-1
FOXC2,FKHL14
FOXD1,FKHL8
FOXD1,FREAC4
FOXD1,FREAC-4
FOXD2,FKHL17
FOXD2,FREAC9
FOXD2,FREAC-9
FOXD3,AIS1
FOXD3,HFH2
FOXD3,VAMAS2
FOXD3,Genesis
FOXD4,FKHL9
FOXD4,FOXD4A
FOXD4,FREAC5
FOXD4,FREAC-5
FOXD4L1,FOXD5
FOXD4L1,bA395L14.1
FOXD4L3,FOXD6
FOXD4L3,FOXD4B
FOXD4L3,FOXD4L2
FOXD4L3,FOXD4L4
FOXD4L4,FOXD4b
FOXD4L4,FOXD4L2
FOXD4L4,bA460E7.2
FOXD4L5,bA15J10.2
FOXE1,TTF2
FOXE1,FOXE2
FOXE1,HFKH4
FOXE1,HFKL5
FOXE1,NMTC4
FOXE1,TITF2
FOXE1,TTF-2
FOXE1,FKHL15
FOXE3,AAT11
FOXE3,ASGD2
FOXE3,FKHL12
FOXE3,FREAC8
FOXE3,CTRCT34
FOXF1,FKHL5
FOXF1,ACDMPV
FOXF1,FREAC1
FOXF2,FKHL6
FOXF2,FREAC2
FOXF2,FREAC-2
FOXG1,BF1
FOXG1,BF2
FOXG1,QIN
FOXG1,FKH2
FOXG1,HBF2
FOXG1,HFK1
FOXG1,HFK2
FOXG1,HFK3
FOXG1,KHL2
FOXG1,FHKL3
FOXG1,FKHL1
FOXG1,FKHL2
FOXG1,FKHL3
FOXG1,FKHL4
FOXG1,HBF-1
FOXG1,HBF-2
FOXG1,HBF-3
FOXG1,FOXG1A
FOXG1,FOXG1B
FOXG1,FOXG1C
FOXG1,HBF-G2
FOXH1,FAST1
FOXH1,FAST-1
FOXI1,HFH3
FOXI1,FKH10
FOXI1,HFH-3
FOXI1,FKHL10
FOXI1,FREAC6
FOXI1,FREAC-6
FOXJ1,HFH4
FOXJ1,HFH-4
FOXJ1,CILD43
FOXJ1,FKHL13
FOXJ2,FHX
FOXK1,FOXK1L
FOXK2,ILF
FOXK2,ILF1
FOXK2,ILF-1
FOXK2,nGTBP
FOXL1,FKH6
FOXL1,FKHL11
FOXL1,FREAC7
FOXL2,BPES
FOXL2,PFRK
FOXL2,POF3
FOXL2,BPES1
FOXL2,PINTO
FOXM1,MPP2
FOXM1,HFH11
FOXM1,HNF-3
FOXM1,INS-1
FOXM1,MPP-2
FOXM1,PIG29
FOXM1,FKHL16
FOXM1,FOXM1A
FOXM1,FOXM1B
FOXM1,FOXM1C
FOXM1,HFH-11
FOXM1,TRIDENT
FOXM1,MPHOSPH2
FOXN1,WHN
FOXN1,RONU
FOXN1,TLIND
FOXN1,FKHL20
FOXN1,TIDAND
FOXN2,HTLF
FOXN3,CHES1
FOXN3,PRO1635
FOXN3,C14orf116
FOXO1,FKH1
FOXO1,FKHR
FOXO1,FOXO1A
FOXO3,FOXO2
FOXO3,AF6q21
FOXO3,FKHRL1
FOXO3,FOXO3A
FOXO3,FKHRL1P2
FOXO4,AFX
FOXO4,AFX1
FOXO4,MLLT7
FOXP1,MFH
FOXP1,QRF1
FOXP1,12CC4
FOXP1,hFKH1B
FOXP1,HSPC215
FOXP2,SPCH1
FOXP2,CAGH44
FOXP2,TNRC10
FOXP3,JM2
FOXP3,AIID
FOXP3,IPEX
FOXP3,PIDX
FOXP3,XPID
FOXP3,DIETER
FOXP4,hFKHLA
FOXQ1,HFH1
FOXR1,FOXN5
FOXR1,DLNB13
FOXR2,FOXN6
FOXS1,FKHL18
FOXS1,FREAC10
GABPA,NFT2
GABPA,NRF2
GABPA,NRF2A
GABPA,E4TF1A
GABPA,E4TF1-60
GABPA,RCH04A07
GATA1,GF1
GATA1,GF-1
GATA1,NFE1
GATA1,XLTT
GATA1,ERYF1
GATA1,NF-E1
GATA1,XLANP
GATA1,XLTDA
GATA1,GATA-1
GATA2,DCML
GATA2,IMD21
GATA2,NFE1B
GATA2,MONOMAC
GATA3,HDR
GATA3,HDRS
GATA4,TOF
GATA4,ASD2
GATA4,VSD1
GATA4,TACHD
GATA5,CHTD5
GATA5,GATAS
GATA5,bB379O24.1
GATAD2A,p66alpha
GATAD2B,p68
GATAD2B,GANDS
GATAD2B,MRD18
GATAD2B,P66beta
GBX1,Huh-17
GCM1,GCMA
GCM1,hGCMa
GCM2,FIH2
GCM2,GCMB
GCM2,HRPT4
GCM2,hGCMb
GFI1,SCN2
GFI1,GFI-1
GFI1,GFI1A
GFI1,ZNF163
GFI1B,BDPLT17
GFI1B,ZNF163B
GLI1,GLI
GLI1,PPD1
GLI1,PAPA8
GLI2,CJS
GLI2,HPE9
GLI2,PHS2
GLI2,THP1
GLI2,THP2
GLI3,PHS
GLI3,ACLS
GLI3,GCPS
GLI3,PAPA
GLI3,PAPB
GLI3,PAP-A
GLI3,PAPA1
GLI3,PPDIV
GLI3,GLI3FL
GLI3,GLI3-190
GLI4,HKR4
GLI4,ZNF928
GLIS2,NKL
GLIS2,NPHP7
GLIS3,NDH
GLIS3,ZNF515
GLMP,NCU-G1
GLMP,C1orf85
GLYR1,NP60
GLYR1,hNDF
GLYR1,BM045
GLYR1,HIBDL
GLYR1,N-PAC
GMEB1,PIF96
GMEB1,P96PIF
GMEB2,PIF79
GMEB2,GMEB-2
GMEB2,P79PIF
GPBP1,GPBP
GPBP1,SSH6
GPBP1,VASCULIN
GPBP1L1,SP192
GRHL1,MGR
GRHL1,NH32
GRHL1,LBP32
GRHL1,TFCP2L2
GRHL2,BOM
GRHL2,ECTDS
GRHL2,PPCD4
GRHL2,DFNA28
GRHL2,TFCP2L3
GRHL3,SOM
GRHL3,VWS2
GRHL3,TFCP2L4
GSC,SAMS
GSC2,GSCL
GSX1,GSH1
GSX1,Gsh-1
GSX2,GSH2
GSX2,DMJDS2
GTF2B,TF2B
GTF2B,TFIIB
GTF2I,WBS
GTF2I,DIWS
GTF2I,SPIN
GTF2I,IB291
GTF2I,BAP135
GTF2I,BTKAP1
GTF2I,TFII-I
GTF2I,WBSCR6
GTF2I,GTFII-I
GTF2IRD1,BEN
GTF2IRD1,WBS
GTF2IRD1,GTF3
GTF2IRD1,RBAP2
GTF2IRD1,CREAM1
GTF2IRD1,MUSTRD1
GTF2IRD1,WBSCR11
GTF2IRD1,WBSCR12
GTF2IRD1,hMusTRD1alpha1
GTF2IRD2,FP630
GTF2IRD2,GTF2IRD2A
GTF2IRD2,GTF2IRD2 alpha
GTF2IRD2B,GTF2IRD2
GTF2IRD2B,GTF2IRD2A
GTF3A,AP2
GTF3A,TFIIIA
GZF1,JLSM
GZF1,ZBTB23
GZF1,ZNF336
HAND1,Hxt
HAND1,eHand
HAND1,Thing1
HAND1,bHLHa27
HAND2,Hed
HAND2,dHand
HAND2,DHAND2
HAND2,Thing2
HAND2,bHLHa26
HDX,CXorf43
HDX,D030011N01Rik
HELT,Mgn
HELT,HESL
HELT,HCM1228
HELT,bHLHb44
HES1,HHL
HES1,HRY
HES1,HES-1
HES1,bHLHb39
HES2,bHLHb40
HES3,bHLHb43
HES4,bHLHb42
HES5,bHLHb38
HES6,HES-6
HES6,bHLHb41
HES6,bHLHc23
HES6,C-HAIRY1
HES7,SCDO4
HES7,bHLHb37
HESX1,ANF
HESX1,RPX
HESX1,CPHD5
HEY1,CHF2
HEY1,OAF1
HEY1,HERP2
HEY1,HESR1
HEY1,HRT-1
HEY1,NERP2
HEY1,hHRT1
HEY1,BHLHb31
HEY2,GRL
HEY2,CHF1
HEY2,HRT2
HEY2,HERP1
HEY2,HESR2
HEY2,bHLHb32
HEY2,GRIDLOCK
HEYL,HEY3
HEYL,HRT3
HEYL,HESR3
HEYL,bHLHb33
HHEX,HEX
HHEX,PRH
HHEX,HMPH
HHEX,PRHX
HHEX,HOX11L-PEN
HIC1,hic-1
HIC1,ZBTB29
HIC1,ZNF901
HIC2,HRG22
HIC2,ZBTB30
HIC2,ZNF907
HIF1A,HIF1
HIF1A,MOP1
HIF1A,PASD8
HIF1A,HIF-1A
HIF1A,bHLHe78
HIF1A,HIF-1alpha
HIF1A,HIF1-ALPHA
HIF1A,HIF-1-alpha
HIF3A,IPAS
HIF3A,MOP7
HIF3A,PASD7
HIF3A,HIF-3A
HIF3A,bHLHe17
HIF3A,HIF3-alpha-1
HINFP,MIZF
HINFP,HiNF-P
HINFP,ZNF743
HIVEP1,GAAP
HIVEP1,ZAS1
HIVEP1,CIRIP
HIVEP1,MBP-1
HIVEP1,ZNF40
HIVEP1,CRYBP1
HIVEP1,ZNF40A
HIVEP1,PRDII-BF1
HIVEP1,Schnurri-1
HIVEP2,SHN2
HIVEP2,ZAS2
HIVEP2,MBP-2
HIVEP2,MIBP1
HIVEP2,MRD43
HIVEP2,ZNF40B
HIVEP2,HIV-EP2
HIVEP3,KRC
HIVEP3,KBP1
HIVEP3,SHN3
HIVEP3,ZAS3
HIVEP3,KBP-1
HIVEP3,ZNF40C
HIVEP3,Schnurri-3
HLX,HB24
HLX,HLX1
HMBOX1,HOT1
HMBOX1,TAH1
HMBOX1,PBHNF
HMBOX1,HNF1LA
HMG20A,HMGX1
HMG20A,HMGXB1
HMG20B,SOXL
HMG20B,HMGX2
HMG20B,BRAF25
HMG20B,BRAF35
HMG20B,HMGXB2
HMG20B,PP7706
HMG20B,pp8857
HMG20B,SMARCE1r
HMGA1,HMG-R
HMGA1,HMGIY
HMGA1,HMGA1A
HMGA2,BABL
HMGA2,LIPO
HMGA2,SRS5
HMGA2,HMGIC
HMGA2,HMGI-C
HMGA2,STQTL9
HMGN3,TRIP7
HMGN3,PNAS-24
HMGN3,PNAS-25
HMX1,H6
HMX1,NKX5-3
HMX2,H6L
HMX2,Nkx5-2
HMX3,NKX5.1
HMX3,Nkx5-1
HMX3,NKX-5.1
HNF1A,HNF1
HNF1A,LFB1
HNF1A,TCF1
HNF1A,HNF4A
HNF1A,MODY3
HNF1A,TCF-1
HNF1A,HNF-1A
HNF1A,IDDM20
HNF1A,HNF1alpha
HNF1B,T2D
HNF1B,FJHN
HNF1B,HNF2
HNF1B,LFB3
HNF1B,RCAD
HNF1B,TCF2
HNF1B,HPC11
HNF1B,LF-B3
HNF1B,MODY5
HNF1B,TCF-2
HNF1B,VHNF1
HNF1B,ADTKD3
HNF1B,HNF-1B
HNF1B,HNF1beta
HNF1B,HNF-1-beta
HNF4A,TCF
HNF4A,HNF4
HNF4A,MODY
HNF4A,FRTS4
HNF4A,MODY1
HNF4A,NR2A1
HNF4A,TCF14
HNF4A,HNF4a7
HNF4A,HNF4a8
HNF4A,HNF4a9
HNF4A,NR2A21
HNF4A,TCF-14
HNF4A,HNF4alpha
HNF4G,NR2A2
HNF4G,NR2A3
HOMEZ,KIAA1443
HOXA1,BSAS
HOXA1,HOX1
HOXA1,HOX1F
HOXA2,HOX1K
HOXA2,MCOHI
HOXA3,HOX1
HOXA3,HOX1E
HOXA4,HOX1
HOXA4,HOX1D
HOXA5,HOX1
HOXA5,HOX1C
HOXA5,HOX1.3
HOXA6,HOX1
HOXA6,HOX1B
HOXA6,HOX1.2
HOXA7,ANTP
HOXA7,HOX1
HOXA7,HOX1A
HOXA7,HOX1.1
HOXA9,HOX1
HOXA9,ABD-B
HOXA9,HOX1G
HOXA9,HOX1.7
HOXA10,PL
HOXA10,HOX1
HOXA10,HOX1H
HOXA10,HOX1.8
HOXA11,HOX1
HOXA11,HOX1I
HOXA11,RUSAT1
HOXA13,HOX1
HOXA13,HOX1J
HOXB1,HOX2
HOXB1,HCFP3
HOXB1,HOX2I
HOXB1,Hox-2.9
HOXB2,K8
HOXB2,HOX2
HOXB2,HOX2H
HOXB2,Hox-2.8
HOXB3,HOX2
HOXB3,HOX2G
HOXB3,Hox-2.7
HOXB4,HOX2
HOXB4,HOX2F
HOXB4,HOX-2.6
HOXB5,HOX2
HOXB5,HU-1
HOXB5,HOX2A
HOXB5,Hox2.1
HOXB5,HHO.C10
HOXB6,HOX2
HOXB6,HU-2
HOXB6,HOX2B
HOXB6,Hox-2.2
HOXB7,HOX2
HOXB7,HOX2C
HOXB7,HHO.C1
HOXB7,Hox-2.3
HOXB8,HOX2
HOXB8,HOX2D
HOXB8,Hox-2.4
HOXB9,HOX2
HOXB9,HOX2E
HOXB9,HOX-2.5
HOXB13,HPC9
HOXB13,PSGD
HOXC4,HOX3
HOXC4,cp19
HOXC4,HOX3E
HOXC5,CP11
HOXC5,HOX3
HOXC5,HOX3D
HOXC6,CP25
HOXC6,HOX3
HOXC6,HOX3C
HOXC6,HHO.C8
HOXC8,HOX3
HOXC8,HOX3A
HOXC9,HOX3
HOXC9,HOX3B
HOXC10,HOX3I
HOXC11,HOX3H
HOXC12,HOX3
HOXC12,HOC3F
HOXC12,HOX3F
HOXC13,HOX3
HOXC13,ECTD9
HOXC13,HOX3G
HOXD1,HOX4
HOXD1,HOX4G
HOXD1,Hox-4.7
HOXD3,HOX4
HOXD3,HOX1D
HOXD3,HOX4A
HOXD3,Hox-4.1
HOXD4,HOX4
HOXD4,HOX4B
HOXD4,HHO.C13
HOXD4,HOX-5.1
HOXD4,Hox-4.2
HOXD8,HOX4
HOXD8,HOX4E
HOXD8,HOX5.4
HOXD9,HOX4
HOXD9,HOX4C
HOXD9,Hox-4.3
HOXD9,Hox-5.2
HOXD10,HOX4
HOXD10,HOX4D
HOXD10,HOX4E
HOXD10,Hox-4.4
HOXD11,HOX4
HOXD11,HOX4F
HOXD12,HOX4H
HOXD13,BDE
HOXD13,SPD
HOXD13,BDSD
HOXD13,SPD1
HOXD13,HOX4I
HSF1,HSTF1
HSF2,HSF 2
HSF2,HSTF 2
HSF4,CTM
HSF4,CTRCT5
HSF5,HSF 5
HSF5,HSTF 5
HSFX1,LW-1
HSFY1,HSFY
HSFY1,HSF2L
IKZF1,IK1
IKZF1,LYF1
IKZF1,LyF-1
IKZF1,CVID13
IKZF1,IKAROS
IKZF1,PPP1R92
IKZF1,PRO0758
IKZF1,ZNFN1A1
IKZF1,Hs.54452
IKZF2,ANF1A2
IKZF2,HELIOS
IKZF2,ZNF1A2
IKZF2,ZNFN1A2
IKZF3,AIO
IKZF3,IMD84
IKZF3,AIOLOS
IKZF3,ZNFN1A3
IKZF4,EOS
IKZF4,ZNFN1A4
IKZF5,THC7
IKZF5,PEGASUS
IKZF5,ZNFN1A5
INSM1,IA1
INSM1,IA-1
INSM2,IA6
INSM2,IA-6
INSM2,mlt1
IRF1,MAR
IRF1,IRF-1
IRF2,IRF-2
IRF3,IIAE7
IRF4,MUM1
IRF4,LSIRF
IRF4,SHEP8
IRF4,NF-EM5
IRF5,SLEB10
IRF6,LPS
IRF6,PIT
IRF6,PPS
IRF6,VWS
IRF6,OFC6
IRF6,PPS1
IRF6,VWS1
IRF7,IMD39
IRF7,IRF-7
IRF7,IRF7A
IRF7,IRF7B
IRF7,IRF7C
IRF7,IRF7H
IRF7,IRF-7H
IRF8,ICSBP
IRF8,IRF-8
IRF8,ICSBP1
IRF8,IMD32A
IRF8,IMD32B
IRF8,H-ICSBP
IRF9,p48
IRF9,IRF-9
IRF9,ISGF3
IRF9,ISGF3G
IRX1,IRX-5
IRX1,IRXA1
IRX2,IRXA2
IRX3,IRX-1
IRX3,IRXB1
IRX4,IRXA3
IRX5,HMMS
IRX5,IRXB2
IRX5,IRX-2a
IRX6,IRX7
IRX6,IRX-3
IRX6,IRXB3
ISL1,Isl-1
ISL1,ISLET1
ISX,Pix-1
ISX,RAXLX
JAZF1,TIP27
JAZF1,ZNF802
JDP2,JUNDM2
JRK,JH8
JRK,jerky
JRKL,HHMJG
JUN,AP1
JUN,p39
JUN,AP-1
JUN,cJUN
JUN,c-Jun
JUNB,AP-1
JUND,AP-1
KAT7,HBO1
KAT7,HBOA
KAT7,MYST2
KAT7,ZC2HC7
KCMF1,FIGC
KCMF1,PCMF
KCMF1,ZZZ1
KCMF1,DEBT91
KCNIP3,CSEN
KCNIP3,DREAM
KCNIP3,KCHIP3
KDM2A,FBL7
KDM2A,CXXC8
KDM2A,FBL11
KDM2A,FBXL11
KDM2A,JHDM1A
KDM2A,LILINA
KDM2B,CXXC2
KDM2B,Fbl10
KDM2B,PCCX2
KDM2B,FBXL10
KDM2B,JHDM1B
KDM5B,CT31
KDM5B,PLU1
KDM5B,PUT1
KDM5B,MRT65
KDM5B,PLU-1
KDM5B,JARID1B
KDM5B,PPP1R98
KDM5B,RBP2-H1
KDM5B,RBBP2H1A
KIN,BTCD
KIN,Rts2
KIN,KIN17
KLF1,EKLF
KLF1,EKLF/KLF1
KLF2,LKLF
KLF3,BKLF
KLF4,EZF
KLF4,GKLF
KLF5,CKLF
KLF5,IKLF
KLF5,BTEB2
KLF6,GBF
KLF6,ZF9
KLF6,BCD1
KLF6,CBA1
KLF6,CPBP
KLF6,PAC1
KLF6,ST12
KLF6,COPEB
KLF7,UKLF
KLF8,BKLF3
KLF8,ZNF741
KLF9,BTEB
KLF9,BTEB1
KLF10,EGRA
KLF10,TIEG
KLF10,TIEG1
KLF10,EGR-alpha
KLF11,FKLF
KLF11,FKLF1
KLF11,MODY7
KLF11,TIEG2
KLF11,Tieg3
KLF12,AP2REP
KLF12,AP-2rep
KLF12,HSPC122
KLF13,BTEB3
KLF13,FKLF2
KLF13,NSLP1
KLF13,RFLAT1
KLF13,RFLAT-1
KLF14,BTEB5
KLF15,KKLF
KLF16,DRRF
KLF16,BTEB4
KLF16,NSLP2
KLF17,ZLF393
KLF17,ZNF393
KLF17,Zfp393
KMT2A,HRX
KMT2A,MLL
KMT2A,MLL1
KMT2A,TRX1
KMT2A,ALL-1
KMT2A,CXXC7
KMT2A,HTRX1
KMT2A,MLL1A
KMT2A,WDSTS
KMT2B,HRX2
KMT2B,MLL2
KMT2B,MLL4
KMT2B,TRX2
KMT2B,WBP7
KMT2B,DYT28
KMT2B,MLL1B
KMT2B,WBP-7
KMT2B,CXXC10
L3MBTL1,L3MBTL
L3MBTL1,ZC2HC3
L3MBTL1,H-L(3)MBT
L3MBTL1,dJ138B7.3
L3MBTL3,MBT1
L3MBTL3,MBT-1
L3MBTL4,HsT1031
LBX1,HPX6
LBX1,CCHS3
LBX1,HPX-6
LBX1,LBX1H
LBX1,homeobox
LBX2,LP3727
LCOR,MLR2
LCOR,C10orf12
LCORL,MLR1
LEF1,LEF-1
LEF1,TCF10
LEF1,TCF7L3
LEF1,TCF1ALPHA
LHX1,LIM1
LHX1,LIM-1
LHX2,LH2
LHX2,hLhx2
LHX3,LIM3
LHX3,CPHD3
LHX3,M2-LHX3
LHX4,CPHD4
LHX6,LHX6.1
LHX8,LHX7
LIN28A,CSDD1
LIN28A,LIN28
LIN28A,LIN-28
LIN28A,ZCCHC1
LIN28A,lin-28A
LIN28B,CSDD2
LIN54,TCX1
LIN54,JC8.6
LIN54,CXCDC1
LIN54,MIP120
LMX1A,LMX1
LMX1A,DFNA7
LMX1A,LMX1.1
LMX1B,NPS1
LMX1B,FSGS10
LMX1B,LMX1.2
LTF,LF
LTF,HLF2
LTF,GIG12
LTF,HEL110
LYL1,bHLHa18
MAF,CCA4
MAF,AYGRP
MAF,c-MAF
MAF,CTRCT21
MAFA,INSDM
MAFA,hMafA
MAFA,RIPE3b1
MAFB,KRML
MAFB,MCTO
MAFB,DURS3
MAFF,U-MAF
MAFF,hMafF
MAFG,hMAF
MAFK,P18
MAFK,NFE2U
MAX,bHLHd4
MAZ,PUR1
MAZ,ZF87
MAZ,Pur-1
MAZ,SAF-1
MAZ,SAF-2
MAZ,SAF-3
MAZ,Zif87
MAZ,ZNF801
MBD1,RFT
MBD1,PCM1
MBD1,CXXC3
MBD2,DMTase
MBD2,NY-CO-41
MBD4,MED1
MBNL2,MBLL
MBNL2,MBLL39
MBNL2,PRO2032
MECOM,EVI1
MECOM,MDS1
MECOM,KMT8E
MECOM,PRDM3
MECOM,RUSAT2
MECOM,MDS1-EVI1
MECOM,AML1-EVI-1
MECP2,RS
MECP2,RTS
MECP2,RTT
MECP2,PPMX
MECP2,MRX16
MECP2,MRX79
MECP2,MRXSL
MECP2,AUTSX3
MECP2,MRXS13
MEF2A,mef2
MEF2A,ADCAD1
MEF2A,RSRFC4
MEF2A,RSRFC9
MEF2B,RSRFR2
MEF2C,NEDHSIL
MEF2C,DEL5q14.3
MEF2C,C5DELq14.3
MEIS2,MRG1
MEIS2,CPCMR
MEIS2,HsT18361
MEIS3,MRG2
MEOX1,KFS2
MEOX1,MOX1
MEOX2,GAX
MEOX2,MOX2
MESP1,bHLHc5
MESP2,SCDO2
MESP2,bHLHc6
MGA,MAD5
MGA,MXD5
MITF,MI
MITF,WS2
MITF,CMM8
MITF,WS2A
MITF,COMMAD
MITF,MITF-A
MITF,bHLHe32
MIXL1,MIX
MIXL1,MIXL
MIXL1,MILD1
MKX,IFRX
MKX,IRXL1
MKX,C10orf48
MLX,TF4
MLX,MAD7
MLX,MXD7
MLX,TCFL4
MLX,bHLHd13
MLXIP,MIR
MLXIP,MONDOA
MLXIP,bHLHe36
MLXIPL,MIO
MLXIPL,MLX
MLXIPL,CHREBP
MLXIPL,MONDOB
MLXIPL,WBSCR14
MLXIPL,WS-bHLH
MLXIPL,bHLHd14
MNT,ROX
MNT,MAD6
MNT,MXD6
MNT,bHLHd3
MNT,lncRNA-HAL
MNX1,HB9
MNX1,HLXB9
MNX1,SCRA1
MNX1,HOXHB9
MSANTD1,C4orf44
MSANTD3,L8
MSANTD3,C9orf30
MSANTD4,KIAA1826
MSC,ABF1
MSC,MYOR
MSC,ABF-1
MSC,bHLHa22
MSGN1,MSOG
MSGN1,pMsgn1
MSX1,HOX7
MSX1,HYD1
MSX1,ECTD3
MSX1,STHAG1
MSX2,FPP
MSX2,MSH
MSX2,PFM
MSX2,CRS2
MSX2,HOX8
MSX2,PFM1
MTERF1,MTERF
MTERF2,mTERFL
MTERF2,MTERFD3
MTERF3,CGI-12
MTERF3,MTERFD1
MTERF4,MTERFD2
MTF1,ZRF
MTF1,MTF-1
MTF2,M96
MTF2,PCL2
MTF2,TDRD19A
MTF2,dJ976O13.2
MXD1,MAD
MXD1,MAD1
MXD1,BHLHC58
MXD3,MYX
MXD3,MAD3
MXD3,BHLHC13
MXD4,MAD4
MXD4,MST149
MXD4,MSTP149
MXD4,bHLHc12
MXI1,MXI
MXI1,MAD2
MXI1,MXD2
MXI1,bHLHc11
MYB,efg
MYB,Cmyb
MYB,c-myb
MYB,c-myb_CDS
MYBL1,AMYB
MYBL1,A-MYB
MYBL2,BMYB
MYBL2,B-MYB
MYC,MRTL
MYC,MYCC
MYC,c-Myc
MYC,bHLHe39
MYCL,LMYC
MYCL,L-Myc
MYCL,MYCL1
MYCL,bHLHe38
MYCN,NMYC
MYCN,ODED
MYCN,MODED
MYCN,N-myc
MYCN,bHLHe37
MYF5,EORVA
MYF5,bHLHc2
MYF6,CNM3
MYF6,MRF4
MYF6,myf-6
MYF6,bHLHc4
MYNN,OSZF
MYNN,SBBIZ1
MYNN,ZBTB31
MYNN,ZNF902
MYOD1,PUM
MYOD1,MYF3
MYOD1,MYOD
MYOD1,bHLHc1
MYOD1,MYODRIF
MYOG,MYF4
MYOG,myf-4
MYOG,bHLHc3
MYPOP,P42pop
MYRF,MRF
MYRF,CUGS
MYRF,MMERV
MYRF,Ndt80
MYRF,11orf9
MYRF,pqn-47
MYRF,C11orf9
MYRFL,bcm1377
MYRFL,C12orf15
MYRFL,C12orf28
MYSM1,2ADUB
MYSM1,BMFS4
MYSM1,2A-DUB
MYT1,MTF1
MYT1,MYTI
MYT1,NZF2
MYT1,PLPB1
MYT1,ZC2H2C1
MYT1,ZC2HC4A
MYT1,C20orf36
MYT1L,NZF1
MYT1L,MRD39
MYT1L,myT1-L
MYT1L,ZC2H2C2
MYT1L,ZC2HC4B
MZF1,MZF-1
MZF1,MZF1B
MZF1,ZFP98
MZF1,ZNF42
MZF1,ZSCAN6
NACC2,RBB
NACC2,BEND9
NACC2,NAC-2
NACC2,BTBD14
NACC2,BTBD31
NACC2,BTBD14A
NAIF1,C9orf90
NAIF1,bA379C10.2
NANOGP8,PN8
NANOGP8,NANOGP1
NCOA1,SRC1
NCOA1,KAT13A
NCOA1,RIP160
NCOA1,F-SRC-1
NCOA1,bHLHe42
NCOA1,bHLHe74
NCOA2,SRC2
NCOA2,TIF2
NCOA2,GRIP1
NCOA2,KAT13C
NCOA2,NCoA-2
NCOA2,bHLHe75
NCOA3,ACTR
NCOA3,AIB1
NCOA3,RAC3
NCOA3,SRC3
NCOA3,pCIP
NCOA3,AIB-1
NCOA3,CTG26
NCOA3,SRC-3
NCOA3,CAGH16
NCOA3,KAT13B
NCOA3,TNRC14
NCOA3,TNRC16
NCOA3,TRAM-1
NCOA3,bHLHe42
NEUROD1,T2D
NEUROD1,BETA2
NEUROD1,BHF-1
NEUROD1,MODY6
NEUROD1,NEUROD
NEUROD1,bHLHa3
NEUROD2,NDRF
NEUROD2,DEE72
NEUROD2,EIEE72
NEUROD2,bHLHa1
NEUROD4,ATH3
NEUROD4,ATH-3
NEUROD4,Atoh3
NEUROD4,MATH3
NEUROD4,MATH-3
NEUROD4,bHLHa4
NEUROD6,Nex1
NEUROD6,Atoh2
NEUROD6,MATH2
NEUROD6,NEX1M
NEUROD6,Math-2
NEUROD6,bHLHa2
NEUROG1,AKA
NEUROG1,ngn1
NEUROG1,Math4C
NEUROG1,bHLHa6
NEUROG1,NEUROD3
NEUROG2,NGN2
NEUROG2,Atoh4
NEUROG2,ngn-2
NEUROG2,Math4A
NEUROG2,bHLHa8
NEUROG3,ngn3
NEUROG3,Atoh5
NEUROG3,NGN-3
NEUROG3,Math4B
NEUROG3,bHLHa7
NFAT5,NFATZ
NFAT5,OREBP
NFAT5,NF-AT5
NFAT5,NFATL1
NFAT5,TONEBP
NFATC1,NFAT2
NFATC1,NFATc
NFATC1,NF-ATC
NFATC1,NF-ATc1.2
NFATC2,NFAT1
NFATC2,NFATP
NFATC3,NFAT4
NFATC3,NFATX
NFATC3,NF-AT4c
NFATC4,NFAT3
NFATC4,NF-AT3
NFATC4,NF-ATC4
NFE2,p45
NFE2,NF-E2
NFE2L1,NRF1
NFE2L1,NRF-1
NFE2L1,TCF11
NFE2L1,LCR-F1
NFE2L2,NRF2
NFE2L2,HEBP1
NFE2L2,Nrf-2
NFE2L2,IMDDHH
NFE2L3,NRF3
NFE4,NF-E4
NFIA,CTF
NFIA,NF1-A
NFIA,NFI-A
NFIA,NFI-L
NFIA,BRMUTD
NFIA,NF-I/A
NFIB,CTF
NFIB,MACID
NFIB,NF1-B
NFIB,NFI-B
NFIB,NFIB2
NFIB,NFIB3
NFIB,NF-I/B
NFIB,NFI-RED
NFIB,HMGIC/NFIB
NFIC,CTF
NFIC,NFI
NFIC,CTF5
NFIC,NF-I
NFIL3,E4BP4
NFIL3,IL3BP1
NFIL3,NFIL3A
NFIL3,NF-IL3A
NFIX,CTF
NFIX,NF1A
NFIX,NF1-X
NFIX,MRSHSS
NFIX,NF-I/X
NFIX,SOTOS2
NFKB1,KBF1
NFKB1,EBP-1
NFKB1,NF-kB
NFKB1,CVID12
NFKB1,NF-kB1
NFKB1,NFKB-p50
NFKB1,NFkappaB
NFKB1,NF-kappaB
NFKB1,NFKB-p105
NFKB1,NF-kappa-B1
NFKB1,NF-kappabeta
NFKB2,p52
NFKB2,p100
NFKB2,H2TF1
NFKB2,LYT10
NFKB2,CVID10
NFKB2,LYT-10
NFKB2,NF-kB2
NFKB2,p49/p100
NFX1,NFX2
NFX1,Tex42
NFX1,TEG-42
NFXL1,OZFP
NFXL1,CDZFP
NFXL1,HOZFP
NFXL1,URCC5
NFYA,HAP2
NFYA,CBF-A
NFYA,CBF-B
NFYA,NF-YA
NFYB,HAP3
NFYB,CBF-A
NFYB,CBF-B
NFYB,NF-YB
NFYC,HSM
NFYC,CBFC
NFYC,HAP5
NFYC,CBF-C
NFYC,NF-YC
NFYC,H1TF2A
NHLH1,HEN1
NHLH1,NSCL
NHLH1,NSCL1
NHLH1,bHLHa35
NHLH2,HEN2
NHLH2,NSCL2
NHLH2,bHLHa34
NKRF,NRF
NKRF,ITBA4
NKX1-1,SAX2
NKX1-1,HSPX153
NKX1-1,NKX-1.1
NKX1-2,NKX-1.1
NKX1-2,C10orf121
NKX1-2,bB238F13.2
NKX2-1,BCH
NKX2-1,BHC
NKX2-1,NK-2
NKX2-1,TEBP
NKX2-1,TTF1
NKX2-1,NKX2A
NKX2-1,NMTC1
NKX2-1,T/EBP
NKX2-1,TITF1
NKX2-1,TTF-1
NKX2-1,NKX2.1
NKX2-2,NKX2B
NKX2-2,NKX2.2
NKX2-3,CSX3
NKX2-3,NK2.3
NKX2-3,NKX2C
NKX2-3,NKX2.3
NKX2-3,NKX4-3
NKX2-4,NKX2D
NKX2-4,NKX2.4
NKX2-5,CSX
NKX2-5,CSX1
NKX2-5,VSD3
NKX2-5,CHNG5
NKX2-5,HLHS2
NKX2-5,NKX2E
NKX2-5,NKX2.5
NKX2-5,NKX4-1
NKX2-6,CSX2
NKX2-6,CTHM
NKX2-6,NKX2F
NKX2-6,NKX4-2
NKX2-8,NKX2H
NKX2-8,NKX2.8
NKX2-8,Nkx2-9
NKX3-1,NKX3
NKX3-1,BAPX2
NKX3-1,NKX3A
NKX3-1,NKX3.1
NKX3-2,SMMD
NKX3-2,BAPX1
NKX3-2,NKX3B
NKX3-2,NKX3.2
NKX6-1,NKX6A
NKX6-1,NKX6.1
NKX6-2,GTX
NKX6-2,NKX6B
NKX6-2,SPAX8
NKX6-2,NKX6.2
NKX6-3,NKX6.3
NME2,PUF
NME2,NDKB
NME2,NDPKB
NME2,NM23B
NME2,NDPK-B
NME2,NM23-H2
NOBOX,OG2
NOBOX,OG-2
NOBOX,OG2X
NOBOX,POF5
NOBOX,TCAG_12042
NPAS1,MOP5
NPAS1,PASD5
NPAS1,bHLHe11
NPAS2,MOP4
NPAS2,PASD4
NPAS2,bHLHe9
NPAS3,MOP6
NPAS3,PASD6
NPAS3,bHLHe12
NPAS4,NXF
NPAS4,Le-PAS
NPAS4,PASD10
NPAS4,bHLHe79
NR1D1,EAR1
NR1D1,hRev
NR1D1,THRA1
NR1D1,THRAL
NR1D1,ear-1
NR1D1,REVERBA
NR1D1,REVERBalpha
NR1D2,RVR
NR1D2,BD73
NR1D2,EAR-1R
NR1D2,REVERBB
NR1D2,REVERBbeta
NR1H2,NER
NR1H2,UNR
NR1H2,LXRB
NR1H2,LXR-b
NR1H2,NER-I
NR1H2,RIP15
NR1H3,LXRA
NR1H3,LXR-a
NR1H3,RLD-1
NR1H4,BAR
NR1H4,FXR
NR1H4,HRR1
NR1H4,HRR-1
NR1H4,PFIC5
NR1H4,RIP14
NR1I2,BXR
NR1I2,PAR
NR1I2,PRR
NR1I2,PXR
NR1I2,SAR
NR1I2,SXR
NR1I2,ONR1
NR1I2,PAR1
NR1I2,PAR2
NR1I2,PARq
NR1I3,CAR
NR1I3,CAR1
NR1I3,MB67
NR2C1,TR2
NR2C2,TR4
NR2C2,TAK1
NR2E1,TLL
NR2E1,TLX
NR2E1,XTLL
NR2E3,PNR
NR2E3,RNR
NR2E3,rd7
NR2E3,ESCS
NR2E3,RP37
NR2F1,EAR3
NR2F1,BBOAS
NR2F1,EAR-3
NR2F1,SVP44
NR2F1,BBSOAS
NR2F1,ERBAL3
NR2F1,COUPTF1
NR2F1,TFCOUP1
NR2F1,COUP-TFI
NR2F1,TCFCOUP1
NR2F2,ARP1
NR2F2,ARP-1
NR2F2,CHTD4
NR2F2,NF-E3
NR2F2,SRXX5
NR2F2,SVP40
NR2F2,COUPTF2
NR2F2,COUPTFB
NR2F2,TFCOUP2
NR2F2,COUPTFII
NR2F6,EAR2
NR2F6,EAR-2
NR2F6,ERBAL2
NR3C1,GR
NR3C1,GCR
NR3C1,GRL
NR3C1,GCCR
NR3C1,GCRST
NR3C2,MR
NR3C2,MCR
NR3C2,MLR
NR3C2,NR3C2VIT
NR4A1,HMR
NR4A1,N10
NR4A1,TR3
NR4A1,NP10
NR4A1,GFRP1
NR4A1,NAK-1
NR4A1,NGFIB
NR4A1,NUR77
NR4A2,NOT
NR4A2,RNR1
NR4A2,HZF-3
NR4A2,NURR1
NR4A2,TINUR
NR4A3,CHN
NR4A3,CSMF
NR4A3,NOR1
NR4A3,MINOR
NR5A1,ELP
NR5A1,SF1
NR5A1,FTZ1
NR5A1,POF7
NR5A1,SF-1
NR5A1,AD4BP
NR5A1,FTZF1
NR5A1,SPGF8
NR5A1,SRXX4
NR5A1,SRXY3
NR5A1,hSF-1
NR5A2,B1F
NR5A2,CPF
NR5A2,FTF
NR5A2,B1F2
NR5A2,LRH1
NR5A2,LRH-1
NR5A2,FTZ-F1
NR5A2,hB1F-2
NR5A2,FTZ-F1beta
NR6A1,RTR
NR6A1,GCNF
NR6A1,NR61
NR6A1,hRTR
NR6A1,CT150
NR6A1,GCNF1
NR6A1,hGCNF
NR0B1,AHC
NR0B1,AHX
NR0B1,DSS
NR0B1,GTD
NR0B1,HHG
NR0B1,AHCH
NR0B1,DAX1
NR0B1,DAX-1
NR0B1,NROB1
NR0B1,SRXY2
NRF1,ALPHA-PAL
NRL,RP27
NRL,D14S46E
NRL,NRL-MAF
OLIG1,BHLHB6
OLIG1,BHLHE21
OLIG2,BHLHB1
OLIG2,OLIGO2
OLIG2,RACK17
OLIG2,PRKCBP2
OLIG2,bHLHe19
OLIG3,Bhlhb7
OLIG3,bHLHe20
ONECUT1,HNF6
ONECUT1,HNF-6
ONECUT1,HNF6A
ONECUT2,OC2
ONECUT2,OC-2
ONECUT3,OC3
OSR1,ODD
OTX2,CPHD6
OTX2,MCOPS5
OVOL1,HOVO1
OVOL2,CHED
OVOL2,CHED1
OVOL2,CHED2
OVOL2,PPCD1
OVOL2,ZNF339
OVOL2,EUROIMAGE566589
OVOL3,HOVO3
PA2G4,EBP1
PA2G4,HG4-1
PA2G4,p38-2G4
PATZ1,ZSG
PATZ1,MAZR
PATZ1,PATZ
PATZ1,RIAZ
PATZ1,ZBTB19
PATZ1,ZNF278
PATZ1,dJ400N23
PAX1,OFC2
PAX1,HUP48
PAX2,FSGS7
PAX2,PAPRS
PAX3,WS1
PAX3,WS3
PAX3,CDHS
PAX3,HUP2
PAX4,KPD
PAX4,MODY9
PAX5,ALL3
PAX5,BSAP
PAX6,AN
PAX6,AN1
PAX6,AN2
PAX6,FVH1
PAX6,MGDA
PAX6,WAGR
PAX6,ASGD5
PAX6,D11S812E
PAX7,HUP1
PAX7,RMS2
PAX7,PAX7B
PAX7,MYOSCO
PAX9,STHAG3
PBX1,CAKUHED
PBX2,G17
PBX2,HOX12
PBX2,PBX2MHC
PCGF2,TPFS
PCGF2,MEL-18
PCGF2,RNF110
PCGF2,ZNF144
PCGF6,MBLR
PCGF6,RNF134
PDX1,GSF
PDX1,IPF1
PDX1,IUF1
PDX1,IDX-1
PDX1,MODY4
PDX1,PDX-1
PDX1,STF-1
PDX1,PAGEN1
PEG3,PW1
PEG3,ZNF904
PEG3,ZSCAN24
PEG3,ZKSCAN22
PGR,PR
PGR,NR3C3
PHF1,PCL1
PHF1,PHF2
PHF1,hPHF1
PHF1,MTF2L2
PHF1,TDRD19C
PHF19,PCL3
PHF19,MTF2L1
PHF19,TDRD19B
PHF20,NZF
PHF20,TZP
PHF20,GLEA2
PHF20,HCA58
PHF20,TDRD20A
PHF20,C20orf104
PHF21A,BHC80
PHF21A,NEDMS
PHF21A,BM-006
PHF21A,IDDBCS
PHOX2A,ARIX
PHOX2A,FEOM2
PHOX2A,NCAM2
PHOX2A,PMX2A
PHOX2A,CFEOM2
PHOX2B,CCHS
PHOX2B,PMX2B
PHOX2B,NBLST2
PHOX2B,NBPhox
PIN1,DOD
PIN1,UBL5
PITX1,BFT
PITX1,CCF
PITX1,POTX
PITX1,PTX1
PITX1,LBNBG
PITX2,RS
PITX2,RGS
PITX2,ARP1
PITX2,Brx1
PITX2,IDG2
PITX2,IGDS
PITX2,IHG2
PITX2,PTX2
PITX2,RIEG
PITX2,ASGD4
PITX2,IGDS2
PITX2,IRID2
PITX2,Otlx2
PITX2,RIEG1
PITX3,ASMD
PITX3,ASOD
PITX3,PTX3
PITX3,ASGD1
PITX3,CTPP4
PITX3,CTRCT11
PKNOX1,PREP1
PKNOX1,pkonx1c
PKNOX2,PREP2
PLAG1,PSA
PLAG1,SGPA
PLAG1,SRS4
PLAG1,ZNF912
PLAGL1,ZAC
PLAGL1,LOT1
PLAGL1,ZAC1
PLAGL2,ZNF900
PLSCR1,MMTRA1B
POGK,BASS2
POGK,KRBOX2
POGK,LST003
POU1F1,PIT1
POU1F1,CPHD1
POU1F1,GHF-1
POU1F1,Pit-1
POU1F1,POU1F1a
POU2AF1,BOB1
POU2AF1,OBF1
POU2AF1,OCAB
POU2AF1,OBF-1
POU2F1,OCT1
POU2F1,OTF1
POU2F1,Oct1Z
POU2F1,oct-1B
POU2F2,OCT2
POU2F2,OTF2
POU2F2,Oct-2
POU2F3,PLA1
POU2F3,OCT11
POU2F3,PLA-1
POU2F3,Epoc-1
POU2F3,OCT-11
POU2F3,OTF-11
POU2F3,Skn-1a
POU3F1,OCT6
POU3F1,OTF6
POU3F1,SCIP
POU3F2,BRN2
POU3F2,OCT7
POU3F2,OTF7
POU3F2,OTF-7
POU3F2,POUF3
POU3F2,brn-2
POU3F2,oct-7
POU3F2,N-Oct3
POU3F3,BRN1
POU3F3,OTF8
POU3F3,oct-8
POU3F3,SNIBFIS
POU3F3,brain-1
POU3F4,BRN4
POU3F4,DFN3
POU3F4,OTF9
POU3F4,BRN-4
POU3F4,DFNX2
POU3F4,OCT-9
POU3F4,OTF-9
POU3F4,BRAIN-4
POU4F1,BRN3A
POU4F1,RDC-1
POU4F1,ATITHS
POU4F1,Oct-T1
POU4F1,brn-3A
POU4F2,BRN3B
POU4F2,BRN3.2
POU4F2,Brn-3b
POU4F3,BRN3C
POU4F3,DFNA15
POU4F3,DFNA42
POU4F3,DFNA52
POU5F1,OCT3
POU5F1,OCT4
POU5F1,OTF3
POU5F1,OTF4
POU5F1,OTF-3
POU5F1,Oct-3
POU5F1,Oct-4
POU5F1B,OTF3C
POU5F1B,OTF3P1
POU5F1B,OCT4PG1
POU5F1B,OCT4-PG1
POU5F1B,POU5F1P1
POU5F1B,POU5F1P4
POU5F1B,POU5FLC8
POU5F1B,POU5FLC20
POU5F2,SPRM-1
POU6F1,BRN5
POU6F1,MPOU
POU6F1,TCFB1
POU6F2,WT5
POU6F2,WTSL
POU6F2,RPF-1
PPARA,PPAR
PPARA,NR1C1
PPARA,hPPAR
PPARA,PPARalpha
PPARA,PPAR-alpha
PPARD,FAAR
PPARD,NUC1
PPARD,NUCI
PPARD,NR1C2
PPARD,NUCII
PPARD,PPARB
PPARG,GLM1
PPARG,CIMT1
PPARG,NR1C3
PPARG,PPARG1
PPARG,PPARG2
PPARG,PPARG5
PPARG,PPARgamma
PRDM1,BLIMP1
PRDM1,PRDI-BF1
PRDM2,RIZ
PRDM2,KMT8
PRDM2,RIZ1
PRDM2,RIZ2
PRDM2,KMT8A
PRDM2,MTB-ZF
PRDM2,HUMHOXY1
PRDM4,PFM1
PRDM5,BCS2
PRDM5,PFM2
PRDM6,PDA3
PRDM6,KMT8C
PRDM6,PRISM
PRDM8,PFM5
PRDM8,EPM10
PRDM8,KMT8D
PRDM9,PFM6
PRDM9,KMT8B
PRDM9,MSBP3
PRDM9,ZNF899
PRDM9,MEISETZ
PRDM10,PFM7
PRDM10,TRIS
PRDM12,PFM9
PRDM12,HSAN8
PRDM13,PFM10
PRDM13,MU-MB-20.220
PRDM14,PFM11
PRDM15,PFM15
PRDM15,ZNF298
PRDM15,C21orf83
PRDM16,MEL1
PRDM16,KMT8F
PRDM16,LVNC8
PRDM16,PFM13
PRDM16,CMD1LL
PREB,SEC12
PRMT3,HRMT1L3
PROP1,CPHD2
PROP1,PROP-1
PROX2,PROX-2
PRR12,NOC
PRR12,KIAA1205
PRRX1,PMX1
PRRX1,PRX1
PRRX1,AGOTC
PRRX1,PHOX1
PRRX1,PRX-1
PRRX2,PMX2
PRRX2,PRX2
PTF1A,p48
PTF1A,PACA
PTF1A,PAGEN2
PTF1A,bHLHa29
PTF1A,PTF1-p48
PURA,PUR1
PURA,MRD31
PURA,NEDRIHF
PURA,PURALPHA
PURA,PUR-ALPHA
PURB,PURBETA
PURG,PURGA
PURG,PURGB
PURG,PURG-A
PURG,PURG-B
RAG1,RAG-1
RAG1,RNF74
RARA,RAR
RARA,NR1B1
RARB,HAP
RARB,RRB2
RARB,NR1B2
RARB,MCOPS12
RARB,RARbeta1
RARG,RARC
RARG,NR1B3
RAX,RX
RAX,MCOP3
RAX2,QRX
RAX2,ARMD6
RAX2,RAXL1
RAX2,CORD11
RBAK,ZNF769
RBCK1,XAP3
RBCK1,XAP4
RBCK1,HOIL1
RBCK1,PBMEI
RBCK1,PGBM1
RBCK1,RBCK2
RBCK1,RNF54
RBCK1,HOIL-1
RBCK1,ZRANB4
RBCK1,C20orf18
RBCK1,UBCE7IP3
RBPJ,SUH
RBPJ,csl
RBPJ,AOS3
RBPJ,CBF1
RBPJ,KBF2
RBPJ,CBF-1
RBPJ,RBP-J
RBPJ,RBPJK
RBPJ,IGKJRB
RBPJ,RBP-JK
RBPJ,RBPSUH
RBPJ,IGKJRB1
RBPJ,RBP-J kappa
RBPJL,RBPL
RBPJL,SUHL
RBPJL,RBPSUHL
RBSN,ZFYVE20
RBSN,Rabenosyn-5
REL,C-Rel
REL,HIVEN86A
RELA,p65
RELA,CMCU
RELA,NFKB3
RELB,IREL
RELB,I-REL
RELB,IMD53
RELB,REL-B
REPIN1,AP4
REPIN1,RIP60
REPIN1,ZNF464
REPIN1,Zfp464
REST,WT6
REST,XBR
REST,HGF5
REST,NRSF
REST,DFNA27
REST,GINGF5
REXO4,REX4
REXO4,XPMC2
REXO4,XPMC2H
RFX1,EFC
RFX1,RFX
RFX4,NYD-SP10
RFX6,MTFS
RFX6,MTCHRS
RFX6,RFXDC1
RFX6,dJ955L16.1
RFX7,RFXDC2
RHOXF1,OTEX
RHOXF1,PEPP1
RHOXF2,THG1
RHOXF2,CT107
RHOXF2,PEPP2
RHOXF2,PEPP-2
RLF,ZN-15L
RLF,ZNF292L
RORA,ROR1
RORA,ROR2
RORA,ROR3
RORA,RZRA
RORA,NR1F1
RORA,IDDECA
RORA,RZR-ALPHA
RORB,RZRB
RORB,EIG15
RORB,NR1F2
RORB,ROR-BETA
RORB,RZR-BETA
RORB,bA133M9.1
RORC,TOR
RORC,RORG
RORC,RZRG
RORC,IMD42
RORC,NR1F3
RORC,RZR-GAMMA
RREB1,HNT
RREB1,FINB
RREB1,LZ321
RREB1,Zep-1
RREB1,RREB-1
RUNX1,AML1
RUNX1,CBFA2
RUNX1,EVI-1
RUNX1,AMLCR1
RUNX1,PEBP2aB
RUNX1,CBF2alpha
RUNX1,AML1-EVI-1
RUNX1,PEBP2alpha
RUNX2,CCD
RUNX2,AML3
RUNX2,CCD1
RUNX2,CLCD
RUNX2,OSF2
RUNX2,CBFA1
RUNX2,OSF-2
RUNX2,PEA2aA
RUNX2,PEBP2aA
RUNX2,CBF-alpha-1
RUNX3,AML2
RUNX3,CBFA3
RUNX3,PEBP2aC
RXRA,NR2B1
RXRB,NR2B2
RXRB,DAUDI6
RXRB,RCoR-1
RXRB,H-2RIIBP
RXRG,RXRC
RXRG,NR2B3
SAFB,HAP
SAFB,HET
SAFB,SAF-B
SAFB,SAFB1
SAFB,SAB-B1
SAFB,SAF-B1
SALL1,TBS
SALL1,HSAL1
SALL1,Sal-1
SALL1,ZNF794
SALL1,HEL-S-89
SALL2,COLB
SALL2,HSAL2
SALL2,Sal-2
SALL2,ZNF795
SALL2,p150(Sal2)
SALL3,ZNF796
SALL4,DRRS
SALL4,IVIC
SALL4,HSAL4
SALL4,ZNF797
SATB1,DEFDA
SATB1,KTZSL
SATB2,GLSS
SCMH1,Scml3
SCML4,dJ47M23.1
SCRT1,SCRT
SCRT1,ZNF898
SCRT2,ZNF898B
SCX,SCXA
SCX,SCXB
SCX,bHLHa48
SEBOX,OG9
SEBOX,OG-9
SEBOX,OG9X
SETBP1,SEB
SETBP1,MRD29
SETDB1,ESET
SETDB1,KG1T
SETDB1,KMT1E
SETDB1,TDRD21
SETDB1,H3-K9-HMTase4
SETDB2,CLLD8
SETDB2,CLLL8
SETDB2,KMT1F
SETDB2,C13orf4
SGSM2,RUTBC1
SHOX,SS
SHOX,GCFX
SHOX,PHOG
SHOX,SHOXY
SHOX2,OG12
SHOX2,SHOT
SHOX2,OG12X
SIM1,bHLHe14
SIM2,SIM
SIM2,bHLHe15
SIM2,HMC13F06
SIM2,HMC29C01
SIX1,BOS3
SIX1,TIP39
SIX1,DFNA23
SIX3,HPE2
SIX4,AREC3
SIX5,BOR2
SIX5,DMAHP
SIX6,Six9
SIX6,ODRMD
SIX6,OPTX2
SIX6,MCOPCT2
SKI,SGS
SKI,SKV
SKIL,SNO
SKIL,SnoA
SKIL,SnoI
SKIL,SnoN
SKOR1,CORL1
SKOR1,LBXCOR1
SKOR1,FUSSEL15
SKOR2,CORL2
SKOR2,CH18515
SKOR2,FUSSEL18
SLC2A4RG,GEF
SLC2A4RG,HDBP1
SLC2A4RG,HDBP-1
SLC2A4RG,Si-1-2
SLC2A4RG,Si-1-2-19
SMAD1,BSP1
SMAD1,JV41
SMAD1,BSP-1
SMAD1,JV4-1
SMAD1,MADH1
SMAD1,MADR1
SMAD3,LDS3
SMAD3,LDS1C
SMAD3,MADH3
SMAD3,JV15-2
SMAD3,HSPC193
SMAD3,HsT17436
SMAD4,JIP
SMAD4,DPC4
SMAD4,MADH4
SMAD4,MYHRS
SMAD5,DWFC
SMAD5,JV5-1
SMAD5,MADH5
SMAD9,PPH2
SMAD9,MADH6
SMAD9,MADH9
SMAD9,SMAD8
SMAD9,SMAD8A
SMAD9,SMAD8B
SMAD9,SMAD8/9
SMYD3,KMT3E
SMYD3,ZMYND1
SMYD3,ZNFN3A1
SMYD3,bA74P14.1
SNAI1,SNA
SNAI1,SNAH
SNAI1,SNAIL
SNAI1,SLUGH2
SNAI1,SNAIL1
SNAI1,dJ710H13.1
SNAI2,SLUG
SNAI2,WS2D
SNAI2,SLUGH
SNAI2,SLUGH1
SNAI2,SNAIL2
SNAI3,SMUC
SNAI3,SNAIL3
SNAI3,ZNF293
SNAI3,Zfp293
SNAPC2,SNAP45
SNAPC2,PTFDELTA
SNAPC4,SNAP190
SNAPC4,PTFalpha
SNAPC5,SNAP19
SOHLH1,ODG5
SOHLH1,TEB2
SOHLH1,NOHLH
SOHLH1,SPGF32
SOHLH1,SPATA27
SOHLH1,bHLHe80
SOHLH1,C9orf157
SOHLH1,bA100C15.3
SOHLH2,TEB1
SOHLH2,SOSF2
SOHLH2,SPATA28
SOHLH2,bHLHe81
SON,SON3
SON,BASS1
SON,DBP-5
SON,NREBP
SON,TOKIMS
SON,C21orf50
SOX2,ANOP3
SOX2,MCOPS3
SOX3,PHP
SOX3,GHDX
SOX3,MRGH
SOX3,PHPX
SOX3,SOXB
SOX4,CSS10
SOX4,EVI16
SOX5,L-SOX5
SOX5,LAMSHF
SOX5,L-SOX5B
SOX5,L-SOX5F
SOX6,SOXD
SOX6,HSSOX6
SOX6,TOLCAS
SOX9,CMD1
SOX9,SRA1
SOX9,CMPD1
SOX9,SRXX2
SOX9,SRXY10
SOX10,DOM
SOX10,WS4
SOX10,PCWH
SOX10,WS2E
SOX10,WS4C
SOX10,SOX-10
SOX11,CSS9
SOX11,MRD27
SOX12,SOX22
SOX13,ICA12
SOX13,Sox-13
SOX14,SOX28
SOX15,SOX20
SOX15,SOX26
SOX15,SOX27
SOX17,VUR3
SOX18,HLTS
SOX18,HLTRS
SOX21,SOX25
SP3,SPR2
SP4,HF1B
SP4,SPR-1
SP6,EPFN
SP6,KLF14
SP6,EPIPROFIN
SP7,OSX
SP7,OI11
SP7,OI12
SP7,osterix
SP8,BTD
SP9,ZNF990
SP100,lysp100b
SP110,IPR1
SP110,VODI
SP110,IFI41
SP110,IFI75
SP140,LYSP100
SP140,LYSP100-A
SP140,LYSP100-B
SPDEF,PDEF
SPDEF,bA375E1.3
SPEN,MINT
SPEN,SHARP
SPEN,RATARS
SPEN,RBM15C
SPEN,HIAA0929
SPI1,OF
SPI1,PU.1
SPI1,SFPI1
SPI1,SPI-1
SPI1,SPI-A
SPIB,SPI-B
SPIC,SPI-C
SPZ1,CILD38
SPZ1,NYD-TSP1
SPZ1,PPP1R148
SRCAP,EAF1
SRCAP,FLHS
SRCAP,SWR1
SRCAP,DOMO1
SREBF1,HMD
SREBF1,IFAP2
SREBF1,SREBP1
SREBF1,bHLHd1
SREBF2,SREBP2
SREBF2,bHLHd2
SREBF2,SREBP-2
SRF,MCM1
SRY,TDF
SRY,TDY
SRY,SRXX1
SRY,SRXY1
ST18,NZF3
ST18,NZF-3
ST18,ZNF387
ST18,ZC2H2C3
ST18,ZC2HC10
STAT1,CANDF7
STAT1,IMD31A
STAT1,IMD31B
STAT1,IMD31C
STAT1,ISGF-3
STAT1,STAT91
STAT2,P113
STAT2,IMD44
STAT2,ISGF-3
STAT2,PTORCH3
STAT2,STAT113
STAT3,APRF
STAT3,HIES
STAT3,ADMIO
STAT3,ADMIO1
STAT4,SLEB11
STAT5A,MGF
STAT5A,STAT5
STAT5B,STAT5
STAT5B,GHISID2
STAT6,STAT6B
STAT6,STAT6C
STAT6,D12S1644
STAT6,IL-4-STAT
TAL1,SCL
TAL1,TCL5
TAL1,tal-1
TAL1,bHLHa17
TBP,HDL4
TBP,GTF2D
TBP,SCA17
TBP,TFIID
TBP,GTF2D1
TBPL1,TLF
TBPL1,TLP
TBPL1,STUD
TBPL1,TRF2
TBPL1,MGC:8389
TBPL1,MGC:9620
TBPL2,TBP2
TBPL2,TRF3
TBR1,IDDAS
TBR1,TBR-1
TBR1,TES-56
TBX1,DGS
TBX1,TGA
TBX1,VCF
TBX1,CAFS
TBX1,CTHM
TBX1,DGCR
TBX1,DORV
TBX1,VCFS
TBX1,TBX1C
TBX1,CATCH22
TBX2,VETD
TBX3,UMS
TBX3,XHL
TBX3,TBX3-ISO
TBX4,SPS
TBX4,ICPPS
TBX4,PAPPAS
TBX5,HOS
TBX6,SCDO5
TBX10,TBX7
TBX10,TBX13
TBX15,TBX14
TBX18,CAKUT2
TBX19,TPIT
TBX19,TBS19
TBX19,dJ747L4.1
TBX20,ASD4
TBX21,TBET
TBX21,T-PET
TBX21,T-bet
TBX21,TBLYM
TBX22,CPX
TBX22,CLPA
TBX22,TBXX
TBX22,ABERS
TBX22,dJ795G23.1
TBXT,T
TBXT,TFT
TBXT,SAVA
TCF3,E2A
TCF3,E47
TCF3,p75
TCF3,AGM8
TCF3,ITF1
TCF3,VDIR
TCF3,TCF-3
TCF3,bHLHb21
TCF4,E2-2
TCF4,ITF2
TCF4,PTHS
TCF4,SEF2
TCF4,CDG2T
TCF4,FECD3
TCF4,ITF-2
TCF4,SEF-2
TCF4,TCF-4
TCF4,SEF2-1
TCF4,SEF2-1A
TCF4,SEF2-1B
TCF4,SEF2-1D
TCF4,bHLHb19
TCF7,TCF-1
TCF7L1,TCF3
TCF7L1,TCF-3
TCF7L2,TCF4
TCF7L2,TCF-4
TCF12,HEB
TCF12,p64
TCF12,CRS3
TCF12,HTF4
TCF12,TCF-12
TCF12,bHLHb20
TCF12,HsT17266
TCF15,EC2
TCF15,PARAXIS
TCF15,bHLHa40
TCF20,AR1
TCF20,SPBP
TCF20,DDVIBA
TCF20,TCF-20
TCF21,POD1
TCF21,bHLHa23
TCF23,OUT
TCF23,TCF-23
TCF23,bHLHa24
TCF24,TCF-24
TCF24,bHLHa25
TCFL5,CHA
TCFL5,Figlb
TCFL5,SOSF1
TCFL5,E2BP-1
TCFL5,bHLHe82
TEAD1,AA
TEAD1,REF1
TEAD1,TCF13
TEAD1,TEF-1
TEAD1,NTEF-1
TEAD1,TCF-13
TEAD1,TEAD-1
TEAD2,ETF
TEAD2,TEF4
TEAD2,TEF-4
TEAD2,TEAD-2
TEAD3,TEF5
TEAD3,TEAD5
TEAD3,TEF-5
TEAD3,DTEF-1
TEAD3,ETFR-1
TEAD3,TEAD-3
TEAD4,TEF3
TEAD4,RTEF1
TEAD4,TEF-3
TEAD4,EFTR-2
TEAD4,TEFR-1
TEAD4,TCF13L1
TEAD4,hRTEF-1B
TERB1,CCDC79
TERF1,TRF
TERF1,PIN2
TERF1,TRF1
TERF1,TRBF1
TERF1,t-TRF1
TERF1,hTRF1-AS
TERF2,TRF2
TERF2,TRBF2
TET1,LCX
TET1,CXXC6
TET1,bA119F7.1
TET2,MDS
TET2,IMD75
TET2,KIAA1546
TET3,BEFAHRS
TET3,hCG_40738
TFAP2A,AP-2
TFAP2A,BOFS
TFAP2A,AP2TF
TFAP2A,TFAP2
TFAP2A,AP-2alpha
TFAP2B,PDA2
TFAP2B,AP-2B
TFAP2B,AP2-B
TFAP2B,AP-2beta
TFAP2C,ERF1
TFAP2C,TFAP2G
TFAP2C,hAP-2g
TFAP2C,AP2-GAMMA
TFAP2D,TFAP2BL1
TFAP2D,AP-2delta
TFAP2E,AP2E
TFAP2E,AP-2epsilon
TFAP4,AP-4
TFAP4,bHLHc41
TFCP2,LSF
TFCP2,SEF
TFCP2,LBP1C
TFCP2,LSF1D
TFCP2,TFCP2C
TFCP2L1,LBP9
TFCP2L1,CRTR1
TFCP2L1,LBP-9
TFDP1,DP1
TFDP1,DILC
TFDP1,Dp-1
TFDP1,DRTF1
TFDP2,DP2
TFDP3,DP4
TFDP3,CT30
TFDP3,HCA661
TFE3,TFEA
TFE3,RCCP2
TFE3,RCCX1
TFE3,bHLHe33
TFEB,TCFEB
TFEB,BHLHE35
TFEB,ALPHATFEB
TFEC,TCFEC
TFEC,TFE-C
TFEC,TFECL
TFEC,TFEC-L
TFEC,bHLHe34
TFEC,hTFEC-L
TGIF1,HPE4
TGIF1,TGIF
TGIF2LX,TGIFLX
TGIF2LY,TGIFLY
THAP1,DYT6
THAP4,PP238
THAP4,CGI-36
THAP4,Nb(III)
THAP9,hTh9
THAP11,RONIN
THAP11,CTG-B43a
THAP11,CTG-B45d
THAP11,HRIHFB2206
THAP12,DAP4
THAP12,THAP0
THAP12,PRKRIR
THAP12,P52rIPK
THRA,AR7
THRA,EAR7
THRA,ERBA
THRA,CHNG6
THRA,ERBA1
THRA,NR1A1
THRA,THRA1
THRA,THRA2
THRA,ERB-T-1
THRA,TRalpha
THRA,c-ERBA-1
THRB,GRTH
THRB,PRTH
THRB,THR1
THRB,ERBA2
THRB,NR1A2
THRB,THRB1
THRB,THRB2
THRB,TRbeta
THRB,C-ERBA-2
THRB,C-ERBA-BETA
THYN1,MY105
THYN1,THY28
THYN1,MDS012
THYN1,HSPC144
THYN1,THY28KD
TIGD1,EEYORE
TIGD2,HEL106
TIGD7,Sancho
TLX1,TCL3
TLX1,HOX11
TLX2,NCX
TLX2,HOX11L1
TLX3,RNX
TLX3,HOX11L2
TMF1,TMF
TMF1,ARA160
TOPORS,LUN
TOPORS,RP31
TOPORS,P53BP3
TOPORS,TP53BPL
TP53,P53
TP53,BCC7
TP53,LFS1
TP53,BMFS5
TP53,TRP53
TP63,AIS
TP63,KET
TP63,LMS
TP63,NBP
TP63,RHS
TP63,p40
TP63,p51
TP63,p63
TP63,EEC3
TP63,OFC8
TP63,p73H
TP63,p73L
TP63,SHFM4
TP63,TP53L
TP63,TP73L
TP63,p53CP
TP63,TP53CP
TP63,B(p51A)
TP63,B(p51B)
TP73,P73
TP73,CILD47
TPRX1,TPRX
TRAFD1,FLN29
TRERF1,RAPA
TRERF1,BCAR2
TRERF1,TREP132
TRERF1,TReP-132
TRERF1,HSA277276
TRERF1,dJ139D8.5
TRPS1,GC79
TRPS1,LGCR
TSC22D1,Ptg-2
TSC22D1,TSC22
TSC22D1,TGFB1I4
TSHZ1,CAA
TSHZ1,TSH1
TSHZ1,NY-CO-33
TSHZ1,SDCCAG33
TSHZ2,TSH2
TSHZ2,ZABC2
TSHZ2,ZNF218
TSHZ2,OVC10-2
TSHZ2,C20orf17
TSHZ3,TSH3
TSHZ3,ZNF537
TTF1,TTF-1
TTF1,TTF-I
TWIST1,CRS
TWIST1,CSO
TWIST1,SCS
TWIST1,ACS3
TWIST1,CRS1
TWIST1,BPES2
TWIST1,BPES3
TWIST1,SWCOS
TWIST1,TWIST
TWIST1,bHLHa38
TWIST2,AMS
TWIST2,FFDD3
TWIST2,BBRSAY
TWIST2,DERMO1
TWIST2,SETLSS
TWIST2,bHLHa39
UBP1,LBP1A
UBP1,LBP1B
UBP1,LBP-1B
UBP1,LBP-1a
UNCX,UNCX4.1
USF1,UEF
USF1,FCHL
USF1,MLTF
USF1,FCHL1
USF1,MLTFI
USF1,HYPLIP1
USF1,bHLHb11
USF2,FIP
USF2,bHLHb12
USF3,KIAA2018
VAX1,MCOPS11
VAX2,DRES93
VDR,NR1I1
VDR,PPP1R163
VENTX,NA88A
VENTX,HPX42B
VENTX,VENTX2
VEZF1,DB1
VEZF1,ZNF161
VSX1,PPD
VSX1,KTCN
VSX1,PPCD
VSX1,RINX
VSX1,KTCN1
VSX1,PPCD1
VSX1,CAASDS
VSX2,RET1
VSX2,CHX10
VSX2,HOX10
VSX2,MCOP2
VSX2,MCOPCB3
WIZ,ZNF803
WT1,GUD
WT1,AWT1
WT1,WAGR
WT1,WT-1
WT1,WT33
WT1,NPHS4
WT1,WIT-2
XBP1,XBP2
XBP1,TREB5
XBP1,XBP-1
XBP1,TREB-5
XPA,XP1
XPA,XPAC
YBX1,YB1
YBX1,BP-8
YBX1,CSDB
YBX1,DBPB
YBX1,YB-1
YBX1,CBF-A
YBX1,CSDA2
YBX1,EFI-A
YBX1,NSEP1
YBX1,NSEP-1
YBX1,MDR-NF1
YBX2,DBPC
YBX2,MSY2
YBX2,CSDA3
YBX2,CONTRIN
YBX3,CSDA
YBX3,DBPA
YBX3,CSDA1
YBX3,ZONAB
YY1,DELTA
YY1,NF-E1
YY1,UCRBP
YY1,GADEVS
YY1,INO80S
YY1,YIN-YANG-1
YY2,ZNF631
ZBED1,ALTE
ZBED1,DREF
ZBED1,TRAMP
ZBED1,hDREF
ZBED5,Buster1
ZBED6,MGR
ZBED9,SCAND3
ZBED9,ZNF452
ZBED9,Buster4
ZBED9,ZFP38-L
ZBED9,ZNF305P2
ZBED9,dJ1186N24.3
ZBTB1,ZNF909
ZBTB2,ZNF437
ZBTB4,ZNF903
ZBTB4,KAISO-L1
ZBTB6,ZID
ZBTB6,ZNF482
ZBTB7A,LRF
ZBTB7A,FBI1
ZBTB7A,FBI-1
ZBTB7A,TIP21
ZBTB7A,ZBTB7
ZBTB7A,ZNF857A
ZBTB7A,pokemon
ZBTB7B,CKROX
ZBTB7B,THPOK
ZBTB7B,ZFP67
ZBTB7B,ZBTB15
ZBTB7B,ZFP-67
ZBTB7B,c-KROX
ZBTB7B,hcKROX
ZBTB7B,ZNF857B
ZBTB7C,APM1
ZBTB7C,APM-1
ZBTB7C,ZBTB36
ZBTB7C,ZNF857C
ZBTB8A,BOZF1
ZBTB8A,ZBTB8
ZBTB8A,ZNF916A
ZBTB8B,ZNF916B
ZBTB9,ZNF919
ZBTB10,RINZF
ZBTB11,MRT69
ZBTB11,ZNF913
ZBTB11,ZNF-U69274
ZBTB12,G10
ZBTB12,Bat9
ZBTB12,NG35
ZBTB12,D6S59E
ZBTB12,C6orf46
ZBTB14,ZF5
ZBTB14,ZFP-5
ZBTB14,ZFP161
ZBTB14,ZNF478
ZBTB14,ZFP-161
ZBTB16,PLZF
ZBTB16,ZNF145
ZBTB17,MIZ-1
ZBTB17,ZNF60
ZBTB17,ZNF151
ZBTB17,pHZ-67
ZBTB18,RP58
ZBTB18,MRD22
ZBTB18,TAZ-1
ZBTB18,ZNF238
ZBTB18,C2H2-171
ZBTB20,HOF
ZBTB20,DPZF
ZBTB20,PRIMS
ZBTB20,ODA-8S
ZBTB20,ZNF288
ZBTB21,ZNF295
ZBTB22,fru
ZBTB22,BING1
ZBTB22,ZNF297
ZBTB22,ZBTB22A
ZBTB22,ZNF297A
ZBTB22,fruitless
ZBTB24,BIF1
ZBTB24,ICF2
ZBTB24,PATZ2
ZBTB24,ZNF450
ZBTB25,KUP
ZBTB25,ZNF46
ZBTB25,C14orf51
ZBTB26,ZNF481
ZBTB26,bioref
ZBTB32,Rog
ZBTB32,FAXF
ZBTB32,FAZF
ZBTB32,TZFP
ZBTB32,ZNF538
ZBTB33,ZNF348
ZBTB33,ZNF-kaiso
ZBTB34,ZNF918
ZBTB37,ZNF908
ZBTB37,D430004I08Rik
ZBTB38,CIBZ
ZBTB38,ZNF921
ZBTB38,PPP1R171
ZBTB39,ZNF922
ZBTB40,ZNF923
ZBTB41,FRBZ1
ZBTB41,ZNF924
ZBTB42,LCCS6
ZBTB42,ZNF925
ZBTB43,ZNF-X
ZBTB43,ZBTB22B
ZBTB43,ZNF297B
ZBTB44,BTBD15
ZBTB44,ZNF851
ZBTB44,HSPC063
ZBTB45,ZNF499
ZBTB46,BZEL
ZBTB46,BTBD4
ZBTB46,RINZF
ZBTB46,ZNF340
ZBTB46,dJ583P15.7
ZBTB46,dJ583P15.8
ZBTB47,ZNF651
ZBTB48,HKR3
ZBTB48,TZAP
ZBTB48,ZNF855
ZBTB48,pp9964
ZBTB49,ZNF509
ZC3H8,Fliz1
ZC3H8,ZC3HDC8
ZEB1,BZP
ZEB1,TCF8
ZEB1,AREB6
ZEB1,FECD6
ZEB1,NIL2A
ZEB1,PPCD3
ZEB1,ZFHEP
ZEB1,ZFHX1A
ZEB1,DELTAEF1
ZEB2,SIP1
ZEB2,SIP-1
ZEB2,ZFHX1B
ZEB2,HSPC082
ZEB2,SMADIP1
ZFAT,AITD3
ZFAT,ZFAT1
ZFAT,ZNF406
ZFHX2,ZFH5
ZFHX2,ZFH-5
ZFHX2,MARSIS
ZFHX2,ZNF409
ZFHX3,ATBT
ZFHX3,ATBF1
ZFHX3,ZFH-3
ZFHX3,ZNF927
ZFHX3,C16orf47
ZFHX4,ZFH4
ZFHX4,ZHF4
ZFP1,ZNF475
ZFP2,zfp-2
ZFP2,ZNF751
ZFP3,ZNF752
ZFP14,ZNF531
ZFP28,mkr5
ZFP30,ZNF745
ZFP37,ZNF906
ZFP37,zfp-37
ZFP41,ZNF753
ZFP41,zfp-41
ZFP42,REX1
ZFP42,REX-1
ZFP42,ZNF754
ZFP42,zfp-42
ZFP57,TNDM1
ZFP57,ZNF698
ZFP57,C6orf40
ZFP57,bA145L22
ZFP57,bA145L22.2
ZFP62,ZET
ZFP62,ZNF755
ZFP64,ZNF338
ZFP69,ZFP69A
ZFP69,ZNF642
ZFP69,ZSCAN54A
ZFP69,ZKSCAN23A
ZFP69B,ZNF643
ZFP69B,ZSCAN54B
ZFP69B,ZKSCAN23B
ZFP82,ZNF545
ZFP90,FIK
ZFP90,NK10
ZFP90,ZNF756
ZFP90,zfp-90
ZFP91,PZF
ZFP91,DSM8
ZFP91,DMS-8
ZFP91,DSM-8
ZFP91,FKSG11
ZFP91,ZFP-91
ZFP91,ZNF757
ZFP92,ZNF897
ZFPM1,FOG
ZFPM1,FOG1
ZFPM1,ZNF408
ZFPM1,ZNF89A
ZFPM1,ZC2HC11A
ZFPM2,DIH3
ZFPM2,FOG2
ZFPM2,SRXY9
ZFPM2,ZNF89B
ZFPM2,hFOG-2
ZFPM2,ZC2HC11B
ZFTA,C11orf95
ZFX,ZNF926
ZFY,ZNF911
ZGLP1,GLP1
ZGLP1,GLP-1
ZGLP1,GATAD3
ZGPAT,ZIP
ZGPAT,ZC3H9
ZGPAT,GPATC6
ZGPAT,GPATCH6
ZGPAT,ZC3HDC9
ZGPAT,KIAA1847
ZHX2,RAF
ZHX2,AFR1
ZHX3,TIX1
ZIC1,ZIC
ZIC1,CRS6
ZIC1,BAIDCS
ZIC1,ZNF201
ZIC2,HPE5
ZIC3,HTX
ZIC3,HTX1
ZIC3,ZNF203
ZIC3,VACTERLX
ZIK1,ZNF762
ZIM2,ZNF656
ZIM3,ZNF264
ZIM3,ZNF657
ZKSCAN1,KOX18
ZKSCAN1,ZNF36
ZKSCAN1,PHZ-37
ZKSCAN1,ZNF139
ZKSCAN1,ZSCAN33
ZKSCAN2,ZNF694
ZKSCAN2,ZSCAN31
ZKSCAN2,ZSCAN34
ZKSCAN3,ZF47
ZKSCAN3,Zfp47
ZKSCAN3,ZFP306
ZKSCAN3,ZNF306
ZKSCAN3,ZNF309
ZKSCAN3,zfp-47
ZKSCAN3,ZSCAN13
ZKSCAN3,ZSCAN35
ZKSCAN3,dJ874C20.1
ZKSCAN3,dJ874C20.1.
ZKSCAN4,ZNF307
ZKSCAN4,ZNF427
ZKSCAN4,ZSCAN36
ZKSCAN4,P1P373C6
ZKSCAN5,ZFP95
ZKSCAN5,ZFP-95
ZKSCAN5,ZNF914
ZKSCAN5,ZSCAN37
ZKSCAN7,ZFP
ZKSCAN7,ZNF64
ZKSCAN7,ZNF167
ZKSCAN7,ZNF448
ZKSCAN7,ZSCAN39
ZKSCAN8,LD5-1
ZKSCAN8,ZNF192
ZKSCAN8,ZSCAN40
ZNF2,A1-5
ZNF2,ZNF661
ZNF2,Zfp661
ZNF3,A8-51
ZNF3,HF.12
ZNF3,KOX25
ZNF3,PP838
ZNF3,Zfp113
ZNF7,KOX4
ZNF7,zf30
ZNF7,HF.16
ZNF8,HF.18
ZNF8,Zfp128
ZNF10,KOX1
ZNF12,KOX3
ZNF12,HZF11
ZNF12,GIOT-3
ZNF12,ZNF325
ZNF14,KOX6
ZNF14,GIOT-4
ZNF16,HZF1
ZNF16,KOX9
ZNF17,HPF3
ZNF17,KOX10
ZNF18,HDSG1
ZNF18,KOX11
ZNF18,ZNF535
ZNF18,Zfp535
ZNF18,ZKSCAN6
ZNF18,ZSCAN38
ZNF19,KOX12
ZNF20,KOX13
ZNF22,KOX15
ZNF22,HKR-T1
ZNF22,ZNF422
ZNF22,Zfp422
ZNF23,KOX16
ZNF23,ZNF359
ZNF23,ZNF612
ZNF23,Zfp612
ZNF24,KOX17
ZNF24,RSG-A
ZNF24,ZNF191
ZNF24,ZSCAN3
ZNF24,Zfp191
ZNF25,Zfp9
ZNF25,KOX19
ZNF26,KOX20
ZNF26,HEL-179
ZNF28,KOX24
ZNF30,KOX28
ZNF32,KOX30
ZNF32,ZNF637
ZNF32,Zfp637
ZNF33A,KOX2
ZNF33A,KOX5
ZNF33A,KOX31
ZNF33A,NF11A
ZNF33A,ZNF11
ZNF33A,ZNF33
ZNF33A,ZZAPK
ZNF33A,ZNF11A
ZNF33B,KOX2
ZNF33B,KOX31
ZNF33B,ZNF11B
ZNF34,KOX32
ZNF35,HF10
ZNF35,HF.10
ZNF35,Zfp105
ZNF37A,KOX21
ZNF37A,ZNF37
ZNF41,MRX89
ZNF43,HTF6
ZNF43,KOX27
ZNF43,ZNF39L1
ZNF44,ZNF
ZNF44,KOX7
ZNF44,ZNF55
ZNF44,ZNF58
ZNF44,GIOT-2
ZNF44,ZNF504
ZNF45,KOX5
ZNF45,ZNF13
ZNF48,ZNF553
ZNF57,ZNF424
ZNF66,ZNF66P
ZNF69,Cos5
ZNF69,hZNF3
ZNF70,Cos17
ZNF71,EZFIT
ZNF74,COS52
ZNF74,hZNF7
ZNF74,ZFP520
ZNF74,ZNF520
ZNF75D,D8C6
ZNF75D,ZNF75
ZNF75D,ZNF82
ZNF75D,ZSCAN28
ZNF75D,ZKSCAN24
ZNF76,ZNF523
ZNF76,Zfp523
ZNF76,D6S229E
ZNF77,pT1
ZNF79,pT7
ZNF80,pT17
ZNF81,HFZ20
ZNF81,MRX45
ZNF81,dJ54B20.6
ZNF83,HPF1
ZNF83,ZNF816B
ZNF84,HPF2
ZNF85,HPF4
ZNF85,HTF1
ZNF90,HTF9
ZNF91,HPF7
ZNF91,HTF10
ZNF92,TF12
ZNF92,HPF12
ZNF92,HTF12
ZNF92,HEL-203
ZNF93,TF34
ZNF93,HPF34
ZNF93,HTF34
ZNF93,ZNF505
ZNF98,F7175
ZNF98,ZNF739
ZNF99,F8281
ZNF99,C19orf9
ZNF101,HZF12
ZNF107,Y8
ZNF107,ZFD25
ZNF107,ZNF588
ZNF107,smap-7
ZNF112,ZFP112
ZNF112,ZNF228
ZNF117,HPF9
ZNF117,H-plk
ZNF121,ZHC32
ZNF121,ZNF20
ZNF121,D19S204
ZNF124,ZK7
ZNF124,HZF16
ZNF124,HZF-16
ZNF131,ZBTB35
ZNF131,pHZ-10
ZNF132,pHZ-12
ZNF133,ZNF150
ZNF133,pHZ-13
ZNF133,pHZ-66
ZNF134,pHZ-15
ZNF135,pT3
ZNF135,ZNF61
ZNF135,pHZ-17
ZNF135,ZNF78L1
ZNF136,pHZ-20
ZNF138,pHZ-32
ZNF140,pHZ-39
ZNF141,D4S90
ZNF141,pHZ-44
ZNF142,HA4654
ZNF142,pHZ-49
ZNF142,NEDISHM
ZNF143,SBF
ZNF143,STAF
ZNF143,pHZ-1
ZNF146,OZF
ZNF148,BERF-1
ZNF148,BFCOL1
ZNF148,GDACCF
ZNF148,ZBP-89
ZNF148,ZFP148
ZNF148,pHZ-52
ZNF148,HT-BETA
ZNF154,pHZ-92
ZNF155,pHZ-96
ZNF157,HZF22
ZNF160,F11
ZNF160,HZF5
ZNF160,KR18
ZNF160,HKr18
ZNF165,CT53
ZNF165,LD65
ZNF165,ZSCAN7
ZNF174,ZSCAN8
ZNF175,OTK18
ZNF177,PIGX
ZNF180,HHZ168
ZNF181,HHZ181
ZNF182,KOX14
ZNF182,ZNF21
ZNF182,HHZ150
ZNF182,Zfp182
ZNF184,kr-ZNF3
ZNF195,HRF1
ZNF195,ZNFP104
ZNF197,P18
ZNF197,VHLaK
ZNF197,ZNF20
ZNF197,ZNF166
ZNF197,ZKSCAN9
ZNF197,ZSCAN41
ZNF197,D3S1363E
ZNF202,ZSCAN42
ZNF202,ZKSCAN10
ZNF205,RhitH
ZNF205,Zfp13
ZNF205,ZNF210
ZNF207,BuGZ
ZNF207,hBuGZ
ZNF208,PMIDP
ZNF208,ZNF95
ZNF211,ZNF-25
ZNF211,C2H2-25
ZNF211,CH2H2-25
ZNF212,ZNF182
ZNF212,ZNFC150
ZNF212,C2H2-150
ZNF213,CR53
ZNF213,ZSCAN53
ZNF213,ZKSCAN21
ZNF214,BAZ1
ZNF214,BAZ-1
ZNF215,BAZ2
ZNF215,BAZ-2
ZNF215,ZSCAN43
ZNF215,ZKSCAN11
ZNF217,ZABC1
ZNF219,ZFP219
ZNF224,BMZF2
ZNF224,KOX22
ZNF224,ZNF27
ZNF224,BMZF-2
ZNF224,ZNF233
ZNF224,ZNF255
ZNF230,FDZF2
ZNF232,ZSCAN11
ZNF234,HZF4
ZNF234,ZNF269
ZNF235,HZF6
ZNF235,ZFP93
ZNF235,ANF270
ZNF235,ZNF270
ZNF236,ZNF236A
ZNF236,ZNF236B
ZNF239,MOK2
ZNF239,HOK-2
ZNF248,bA162G10.3
ZNF250,ZFP647
ZNF250,ZNF647
ZNF253,BMZF1
ZNF253,BMZF-1
ZNF253,ZNF411
ZNF254,BMZF-5
ZNF254,ZNF539
ZNF254,ZNF91L
ZNF254,HD-ZNF1
ZNF256,BMZF3
ZNF256,BMZF-3
ZNF257,BMZF4
ZNF257,BMZF-4
ZNF260,PEX1
ZNF260,OZRF1
ZNF260,ZFP260
ZNF263,FPM315
ZNF263,ZSCAN44
ZNF263,ZKSCAN12
ZNF266,HZF1
ZNF267,HZF2
ZNF268,HZF3
ZNF273,HZF9
ZNF274,ZF2
ZNF274,HFB101
ZNF274,ZSCAN51
ZNF274,ZKSCAN19
ZNF276,ZADT
ZNF276,CENPZ
ZNF276,CENP-Z
ZNF276,ZFP276
ZNF276,ZNF477
ZNF277,NRIF4
ZNF277,ZNF277P
ZNF280A,SUHW1
ZNF280A,ZNF280
ZNF280A,ZNF636
ZNF280A,3'OY11.1
ZNF280B,SUHW2
ZNF280B,ZNF279
ZNF280B,ZNF632
ZNF280B,5'OY11.1
ZNF280B,D87009.C22.3
ZNF280C,ZPET
ZNF280C,SUHW3
ZNF280C,ZNF633
ZNF280D,SUHW4
ZNF280D,ZNF634
ZNF281,GZP1
ZNF281,ZBP99
ZNF281,ZBP-99
ZNF281,ZNP-99
ZNF282,HUB1
ZNF283,HZF19
ZNF283,HZF41
ZNF284,ZNF284L
ZNF285,ZNF285A
ZNF286A,ZNF286
ZNF286B,FOXO3B
ZNF286B,ZNF590
ZNF286B,ZNF286C
ZNF286B,ZNF286L
ZNF287,ZSCAN45
ZNF287,ZKSCAN13
ZNF292,MRD63
ZNF292,MRD64
ZNF292,ZN-16
ZNF292,Zn-15
ZNF292,ZFP292
ZNF292,Nbla00365
ZNF292,bA393I2.3
ZNF296,ZFP296
ZNF296,ZNF342
ZNF302,HSD16
ZNF302,MST154
ZNF302,ZNF327
ZNF302,MSTP154
ZNF302,ZNF135L
ZNF302,ZNF140L
ZNF311,zf31
ZNF316,MZF-3
ZNF318,TZF
ZNF318,ZFP318
ZNF318,HRIHFB2436
ZNF319,ZFP319
ZNF320,ZFPL
ZNF322,HCG12
ZNF322,ZNF388
ZNF322,ZNF489
ZNF322,ZNF322A
ZNF324,ZF5128
ZNF324,ZNF324A
ZNF326,ZIRD
ZNF326,ZAN75
ZNF326,Zfp326
ZNF326,dJ871E2.1
ZNF331,RITA
ZNF331,ZNF361
ZNF331,ZNF463
ZNF335,NIF1
ZNF335,NIF2
ZNF335,NIF-1
ZNF335,MCPH10
ZNF341,HIES3
ZNF343,dJ734P14.5
ZNF345,HZF10
ZNF346,JAZ
ZNF346,Zfp346
ZNF347,ZNF1111
ZNF350,ZFQR
ZNF350,ZBRK1
ZNF354A,EZNF
ZNF354A,HKL1
ZNF354A,KID1
ZNF354A,KID-1
ZNF354A,TCF17
ZNF354A,HEL104
ZNF354B,KID2
ZNF354C,KID3
ZNF358,ZFEND
ZNF362,RN
ZNF362,lin-29
ZNF366,DCSCRIPT
ZNF366,DC-SCRIPT
ZNF367,AFF29
ZNF367,ZFF29
ZNF367,CDC14B
ZNF382,KS1
ZNF383,HSD17
ZNF383,Zfp383
ZNF384,NP
ZNF384,CIZ
ZNF384,NMP4
ZNF384,CAGH1
ZNF384,ERDA2
ZNF384,TNRC1
ZNF384,CAGH1A
ZNF385A,HZF
ZNF385A,RZF
ZNF385A,ZFP385
ZNF385A,ZNF385
ZNF385B,ZNF533
ZNF385D,ZNF659
ZNF391,dJ153G14.3
ZNF394,ZSCAN46
ZNF394,ZKSCAN14
ZNF395,PBF
ZNF395,PRF1
ZNF395,HDBP2
ZNF395,PRF-1
ZNF395,HDBP-2
ZNF395,HDRF-2
ZNF395,Si-1-8-14
ZNF396,ZSCAN14
ZNF397,ZNF47
ZNF397,ZSCAN15
ZNF398,P51
ZNF398,P71
ZNF398,ZER6
ZNF407,SIMHA
ZNF408,EVR6
ZNF408,RP72
ZNF410,APA1
ZNF410,APA-1
ZNF414,ZFP414
ZNF415,Pact
ZNF415,ZfLp
ZNF418,ZFP418
ZNF419,ZAPHIR
ZNF419,ZNF419A
ZNF420,APAK
ZNF423,OAZ
ZNF423,Roaz
ZNF423,hOAZ
ZNF423,Ebfaz
ZNF423,JBTS19
ZNF423,NPHP14
ZNF423,ZFP423
ZNF423,Zfp104
ZNF426,K-RBP
ZNF428,Zfp428
ZNF428,C19orf37
ZNF431,ZFP932
ZNF436,ZNF
ZNF436,Zfp46
ZNF438,bA330O11.1
ZNF443,ZK1
ZNF444,EZF2
ZNF444,EZF-2
ZNF444,ZSCAN17
ZNF445,ZFP445
ZNF445,ZNF168
ZNF445,ZSCAN47
ZNF445,ZKSCAN15
ZNF446,ZSCAN30
ZNF446,ZSCAN52
ZNF446,ZKSCAN20
ZNF449,ZSCAN19
ZNF451,COASTER
ZNF451,dJ417I1.1
ZNF460,HZF8
ZNF460,ZNF272
ZNF461,GIOT1
ZNF461,HZF28
ZNF461,GIOT-1
ZNF462,WSKA
ZNF462,ZFPIP
ZNF462,Zfp462
ZNF467,EZI
ZNF467,Zfp467
ZNF469,BCS
ZNF469,BCS1
ZNF469,Zfp469
ZNF470,CZF-1
ZNF471,ERP1
ZNF471,Z1971
ZNF471,Zfp78
ZNF473,ZN473
ZNF473,ZFP100
ZNF479,KR19
ZNF479,HKr19
ZNF483,ZSCAN48
ZNF483,ZKSCAN16
ZNF484,BA526D8.4
ZNF486,KRBO2
ZNF487,KRBO1
ZNF487,ZNF487P
ZNF492,ZNF115
ZNF496,NIZP1
ZNF496,ZFP496
ZNF496,ZSCAN49
ZNF496,ZKSCAN17
ZNF500,ZSCAN50
ZNF500,ZKSCAN18
ZNF501,ZNF
ZNF501,ZNF52
ZNF503,Nlz2
ZNF503,NOLZ1
ZNF503,NOLZ-1
ZNF507,Zfp507
ZNF511,Zfp511
ZNF512B,GM632
ZNF513,RP58
ZNF513,Zfp513
ZNF513,HMFT0656
ZNF516,HsT287
ZNF518A,ZNF518
ZNF519,HsT2362
ZNF521,EHZF
ZNF521,Evi3
ZNF534,KRBO3
ZNF540,Nbla10512
ZNF546,ZNF49
ZNF547,MIP-2A
ZNF547,SEDLP1
ZNF547,TRAPPC2B
ZNF547,TRAPPC2P1
ZNF547,TRAPPC2.19
ZNF559,NBLA00121
ZNF568,ZFP568
ZNF569,ZNF
ZNF569,ZAP1
ZNF569,Zfp74
ZNF571,HSPC059
ZNF574,FP972
ZNF581,HSPC189
ZNF585A,Zfp27
ZNF585B,Zfp27
ZNF585B,SZFP41
ZNF587,ZF6
ZNF589,SZF1
ZNF592,CAMOS
ZNF592,SCAR5
ZNF597,HIT-4
ZNF598,HEL2
ZNF600,KR-ZNF1
ZNF606,ZNF328
ZNF608,NY-REN-36
ZNF618,NEDD10
ZNF618,FP13169
ZNF628,ZEC
ZNF628,Zfp628
ZNF629,ZNF
ZNF629,ZNF65
ZNF630,dJ54B20.2
ZNF639,ZASC1
ZNF639,ANC-2H01
ZNF639,ANC_2H01
ZNF644,NatF
ZNF644,MYP21
ZNF644,ZEP-2
ZNF644,BM-005
ZNF653,ZIP67
ZNF653,E430039K05Rik
ZNF655,VIK
ZNF655,VIK-1
ZNF664,ZFOC1
ZNF664,ZNF176
ZNF665,ZFP160L
ZNF667,MIPU1
ZNF674,MRX92
ZNF674,ZNF673B
ZNF675,TIZ
ZNF675,TBZF
ZNF682,BC39498_3
ZNF683,Hobit
ZNF687,PDB6
ZNF689,TIPUH1
ZNF691,Zfp691
ZNF692,AREBP
ZNF692,Zfp692
ZNF695,SBZF3
ZNF699,hang
ZNF699,DEGCAGS
ZNF703,NLZ1
ZNF703,ZPO1
ZNF703,ZEPPO1
ZNF703,ZNF503L
ZNF704,Gig1
ZNF705D,ZNF705C
ZNF705EP,ZNF705E
ZNF706,HSPC038
ZNF706,PNAS-106
ZNF706,PNAS-113
ZNF708,KOX8
ZNF708,ZNF15
ZNF708,ZNF15L1
ZNF711,ZNF4
ZNF711,ZNF5
ZNF711,ZNF6
ZNF711,CMPX1
ZNF711,MRX65
ZNF711,MRX97
ZNF711,XLID97
ZNF711,Zfp711
ZNF711,dJ75N13.1
ZNF717,OB1
ZNF717,X17
ZNF717,ZNF838
ZNF724,ZNF724P
ZNF726,ZNF92P3
ZNF727,ZNF727P
ZNF735,ZNF735P
ZNF737,ZNF102
ZNF740,Zfp740
ZNF746,PARIS
ZNF750,ZFP750
ZNF761,ZNF468
ZNF763,ZNF
ZNF763,ZNF440L
ZNF770,PRO1914
ZNF771,DSC43
ZNF773,ZNF419B
ZNF780A,ZNF780
ZNF780B,ZNF779
ZNF785,ZNF688
ZNF787,TIP20
ZNF788P,ZNF788
ZNF799,HIT-40
ZNF799,ZNF842
ZNF804A,C2orf10
ZNF816,ZNF816A
ZNF823,HSZFP36
ZNF830,OMCG1
ZNF830,CCDC16
ZNF831,C20orf174
ZNF835,BC37295_3
ZNF850,ZNF850P
ZNF875,HKR1
ZNF879,DKFZp686E2433
ZSCAN1,MZF-1
ZSCAN1,ZNF915
ZSCAN2,ZFP29
ZSCAN2,ZNF854
ZSCAN4,ZNF494
ZSCAN5A,ZNF495
ZSCAN5A,ZSCAN5
ZSCAN5B,ZNF371
ZSCAN5B,ZNF495B
ZSCAN5C,ZNF495C
ZSCAN5C,ZSCAN5CP
ZSCAN9,PRD51
ZSCAN9,ZNF193
ZSCAN10,ZFP206
ZSCAN10,ZNF206
ZSCAN12,ZFP96
ZSCAN12,ZNF96
ZSCAN12,ZNF305
ZSCAN12,ZNF29K1
ZSCAN12,dJ29K1.2
ZSCAN16,ZNF392
ZSCAN16,ZNF435
ZSCAN16,dJ265C24.3
ZSCAN18,ZNF447
ZSCAN20,KOX29
ZSCAN20,ZNF31
ZSCAN20,ZFP-31
ZSCAN20,ZNF360
ZSCAN21,ZNF38
ZSCAN21,Zipro1
ZSCAN21,NY-REN-21
ZSCAN22,HKR2
ZSCAN22,ZNF50
ZSCAN23,ZNF390
ZSCAN23,ZNF453
ZSCAN23,dJ29K1.3
ZSCAN23,dJ29K1.3.1
ZSCAN25,ZNF498
ZSCAN26,SREZBP
ZSCAN26,ZNF187
ZSCAN26,SRE-ZBP
ZSCAN29,ZNF690
ZSCAN29,Zfp690
ZSCAN30,ZNF917
ZSCAN30,ZNF-WYM
ZSCAN30,ZNF397OS
ZSCAN31,ZNF323
ZSCAN31,ZNF310P
ZSCAN31,ZNF20-Lp
ZSCAN32,HCCS-5
ZSCAN32,ZNF434
ZUP1,DUB
ZUP1,ZUFSP
ZUP1,C6orf113
ZXDA,ZNF896
ZXDB,ZNF905
ZXDB,dJ83L6.1
ZXDC,ZXDL
ZZZ3,ATAC1
ADNP,ADNP
ADNP2,ADNP2
AEBP1,AEBP1
AEBP2,AEBP2
AHCTF1,AHCTF1
AHR,AHR
AHRR,AHRR
AIRE,AIRE
AKAP8,AKAP8
AKAP8L,AKAP8L
AKNA,AKNA
ALX1,ALX1
ALX3,ALX3
ALX4,ALX4
ANHX,ANHX
ANKZF1,ANKZF1
AR,AR
ARGFX,ARGFX
ARHGAP35,ARHGAP35
ARID2,ARID2
ARID3A,ARID3A
ARID3B,ARID3B
ARID3C,ARID3C
ARID5A,ARID5A
ARID5B,ARID5B
ARNT,ARNT
ARNT2,ARNT2
ARNTL,ARNTL
ARNTL2,ARNTL2
ASCL1,ASCL1
ASCL2,ASCL2
ASCL3,ASCL3
ASCL4,ASCL4
ASCL5,ASCL5
ASH1L,ASH1L
ATF1,ATF1
ATF3,ATF3
ATF4,ATF4
ATF5,ATF5
ATF6,ATF6
ATF6B,ATF6B
ATF7,ATF7
ATMIN,ATMIN
ATOH1,ATOH1
ATOH7,ATOH7
ATOH8,ATOH8
BACH1,BACH1
BACH2,BACH2
BARHL2,BARHL2
BARX1,BARX1
BARX2,BARX2
BATF,BATF
BATF2,BATF2
BATF3,BATF3
BAZ2A,BAZ2A
BAZ2B,BAZ2B
BBX,BBX
BCL6,BCL6
BCL6B,BCL6B
BCL11A,BCL11A
BCL11B,BCL11B
BHLHA9,BHLHA9
BHLHA15,BHLHA15
BHLHE22,BHLHE22
BHLHE40,BHLHE40
BHLHE41,BHLHE41
BNC1,BNC1
BNC2,BNC2
BPTF,BPTF
BRF2,BRF2
BSX,BSX
CAMTA1,CAMTA1
CAMTA2,CAMTA2
CARF,CARF
CASZ1,CASZ1
CBLL2,CBLL2
CBX2,CBX2
CC2D1A,CC2D1A
CCDC17,CCDC17
CDC5L,CDC5L
CDX1,CDX1
CDX2,CDX2
CDX4,CDX4
CEBPA,CEBPA
CEBPB,CEBPB
CEBPD,CEBPD
CEBPE,CEBPE
CEBPG,CEBPG
CEBPZ,CEBPZ
CENPA,CENPA
CENPB,CENPB
CENPS,CENPS
CENPT,CENPT
CENPX,CENPX
CGGBP1,CGGBP1
CHAMP1,CHAMP1
CHCHD3,CHCHD3
CIC,CIC
CLOCK,CLOCK
CPEB1,CPEB1
CPXCR1,CPXCR1
CREB1,CREB1
CREB3,CREB3
CREB3L1,CREB3L1
CREB3L2,CREB3L2
CREB3L3,CREB3L3
CREB3L4,CREB3L4
CREB5,CREB5
CREBL2,CREBL2
CREBZF,CREBZF
CREM,CREM
CRX,CRX
CSRNP1,CSRNP1
CSRNP2,CSRNP2
CSRNP3,CSRNP3
CTCF,CTCF
CTCFL,CTCFL
CUX2,CUX2
CXXC1,CXXC1
CXXC4,CXXC4
CXXC5,CXXC5
DACH1,DACH1
DACH2,DACH2
DBP,DBP
DBX1,DBX1
DBX2,DBX2
DEAF1,DEAF1
DLX1,DLX1
DLX2,DLX2
DLX3,DLX3
DLX4,DLX4
DLX5,DLX5
DLX6,DLX6
DMRT1,DMRT1
DMRT2,DMRT2
DMRT3,DMRT3
DMRTA1,DMRTA1
DMRTA2,DMRTA2
DMRTB1,DMRTB1
DMRTC2,DMRTC2
DMTF1,DMTF1
DNMT1,DNMT1
DNTTIP1,DNTTIP1
DOT1L,DOT1L
DPF1,DPF1
DPF3,DPF3
DPRX,DPRX
DR1,DR1
DRAP1,DRAP1
DRGX,DRGX
DUX1,DUX1
DUX3,DUX3
DUX4,DUX4
DUXA,DUXA
DZIP1,DZIP1
E2F1,E2F1
E2F2,E2F2
E2F3,E2F3
E2F4,E2F4
E2F5,E2F5
E2F6,E2F6
E2F7,E2F7
EBF3,EBF3
EBF4,EBF4
EEA1,EEA1
EGR1,EGR1
EGR2,EGR2
EGR3,EGR3
EGR4,EGR4
EHF,EHF
ELF1,ELF1
ELF2,ELF2
ELF3,ELF3
ELF4,ELF4
ELF5,ELF5
ELK1,ELK1
ELK3,ELK3
ELK4,ELK4
EMX1,EMX1
EMX2,EMX2
EN1,EN1
EN2,EN2
EOMES,EOMES
EPAS1,EPAS1
ERF,ERF
ERG,ERG
ESR1,ESR1
ESR2,ESR2
ESRRA,ESRRA
ESRRB,ESRRB
ESRRG,ESRRG
ESX1,ESX1
ETS1,ETS1
ETS2,ETS2
ETV1,ETV1
ETV2,ETV2
ETV3,ETV3
ETV3L,ETV3L
ETV4,ETV4
ETV5,ETV5
ETV6,ETV6
ETV7,ETV7
EVX1,EVX1
EVX2,EVX2
FAM170A,FAM170A
FAM200B,FAM200B
FBXL19,FBXL19
FERD3L,FERD3L
FEV,FEV
FEZF1,FEZF1
FEZF2,FEZF2
FIGLA,FIGLA
FIZ1,FIZ1
FLI1,FLI1
FLYWCH1,FLYWCH1
FOS,FOS
FOSB,FOSB
FOSL1,FOSL1
FOSL2,FOSL2
FOXA1,FOXA1
FOXA2,FOXA2
FOXA3,FOXA3
FOXB1,FOXB1
FOXB2,FOXB2
FOXC1,FOXC1
FOXC2,FOXC2
FOXD1,FOXD1
FOXD2,FOXD2
FOXD3,FOXD3
FOXD4,FOXD4
FOXD4L1,FOXD4L1
FOXD4L3,FOXD4L3
FOXD4L4,FOXD4L4
FOXD4L5,FOXD4L5
FOXD4L6,FOXD4L6
FOXE1,FOXE1
FOXE3,FOXE3
FOXF1,FOXF1
FOXF2,FOXF2
FOXG1,FOXG1
FOXH1,FOXH1
FOXI1,FOXI1
FOXI2,FOXI2
FOXI3,FOXI3
FOXJ1,FOXJ1
FOXJ2,FOXJ2
FOXJ3,FOXJ3
FOXK1,FOXK1
FOXL1,FOXL1
FOXL2,FOXL2
FOXM1,FOXM1
FOXN1,FOXN1
FOXN2,FOXN2
FOXN3,FOXN3
FOXN4,FOXN4
FOXO1,FOXO1
FOXO3,FOXO3
FOXO4,FOXO4
FOXO6,FOXO6
FOXP1,FOXP1
FOXP2,FOXP2
FOXP3,FOXP3
FOXP4,FOXP4
FOXQ1,FOXQ1
FOXR1,FOXR1
FOXR2,FOXR2
FOXS1,FOXS1
GATA1,GATA1
GATA2,GATA2
GATA3,GATA3
GATA4,GATA4
GATA5,GATA5
GATAD2A,GATAD2A
GATAD2B,GATAD2B
GBX1,GBX1
GCM1,GCM1
GCM2,GCM2
GFI1,GFI1
GFI1B,GFI1B
GLI1,GLI1
GLI2,GLI2
GLI3,GLI3
GLI4,GLI4
GLIS1,GLIS1
GLIS2,GLIS2
GLIS3,GLIS3
GLMP,GLMP
GLYR1,GLYR1
GMEB1,GMEB1
GMEB2,GMEB2
GPBP1,GPBP1
GPBP1L1,GPBP1L1
GRHL1,GRHL1
GRHL2,GRHL2
GRHL3,GRHL3
GSC,GSC
GSX1,GSX1
GSX2,GSX2
GTF2B,GTF2B
GTF2I,GTF2I
GTF2IRD1,GTF2IRD1
GTF2IRD2,GTF2IRD2
GTF2IRD2B,GTF2IRD2B
GTF3A,GTF3A
GZF1,GZF1
HAND1,HAND1
HAND2,HAND2
HBP1,HBP1
HDX,HDX
HELT,HELT
HES1,HES1
HES2,HES2
HES3,HES3
HES4,HES4
HES5,HES5
HES6,HES6
HES7,HES7
HESX1,HESX1
HEY1,HEY1
HEY2,HEY2
HEYL,HEYL
HHEX,HHEX
HIC1,HIC1
HIC2,HIC2
HIF1A,HIF1A
HIF3A,HIF3A
HINFP,HINFP
HIVEP1,HIVEP1
HIVEP2,HIVEP2
HIVEP3,HIVEP3
HLF,HLF
HLX,HLX
HMBOX1,HMBOX1
HMG20A,HMG20A
HMG20B,HMG20B
HMGA1,HMGA1
HMGA2,HMGA2
HMGN3,HMGN3
HMX1,HMX1
HMX2,HMX2
HMX3,HMX3
HNF1A,HNF1A
HNF1B,HNF1B
HNF4A,HNF4A
HNF4G,HNF4G
HOMEZ,HOMEZ
HOXA1,HOXA1
HOXA2,HOXA2
HOXA3,HOXA3
HOXA5,HOXA5
HOXA6,HOXA6
HOXA7,HOXA7
HOXA9,HOXA9
HOXA10,HOXA10
HOXA11,HOXA11
HOXA13,HOXA13
HOXB1,HOXB1
HOXB2,HOXB2
HOXB3,HOXB3
HOXB4,HOXB4
HOXB5,HOXB5
HOXB6,HOXB6
HOXB7,HOXB7
HOXB8,HOXB8
HOXB9,HOXB9
HOXB13,HOXB13
HOXC4,HOXC4
HOXC5,HOXC5
HOXC6,HOXC6
HOXC8,HOXC8
HOXC9,HOXC9
HOXC10,HOXC10
HOXC11,HOXC11
HOXC12,HOXC12
HOXC13,HOXC13
HOXD1,HOXD1
HOXD3,HOXD3
HOXD4,HOXD4
HOXD8,HOXD8
HOXD9,HOXD9
HOXD10,HOXD10
HOXD11,HOXD11
HOXD12,HOXD12
HOXD13,HOXD13
HSF1,HSF1
HSF2,HSF2
HSF4,HSF4
HSF5,HSF5
HSFX1,HSFX1
HSFY1,HSFY1
IKZF1,IKZF1
IKZF2,IKZF2
IKZF3,IKZF3
IKZF4,IKZF4
IKZF5,IKZF5
INSM1,INSM1
INSM2,INSM2
IRF1,IRF1
IRF2,IRF2
IRF3,IRF3
IRF5,IRF5
IRF6,IRF6
IRF9,IRF9
IRX1,IRX1
IRX2,IRX2
IRX3,IRX3
IRX4,IRX4
IRX5,IRX5
ISL1,ISL1
ISL2,ISL2
ISX,ISX
JAZF1,JAZF1
JDP2,JDP2
JRK,JRK
JRKL,JRKL
JUN,JUN
JUNB,JUNB
JUND,JUND
KAT7,KAT7
KCNIP3,KCNIP3
KDM2A,KDM2A
KDM2B,KDM2B
KDM5B,KDM5B
KIN,KIN
KLF1,KLF1
KLF2,KLF2
KLF3,KLF3
KLF4,KLF4
KLF8,KLF8
KLF9,KLF9
KLF10,KLF10
KLF11,KLF11
KLF12,KLF12
KLF13,KLF13
KLF14,KLF14
KLF15,KLF15
KLF16,KLF16
KLF17,KLF17
KMT2A,KMT2A
KMT2B,KMT2B
L3MBTL1,L3MBTL1
L3MBTL3,L3MBTL3
L3MBTL4,L3MBTL4
LBX1,LBX1
LBX2,LBX2
LCOR,LCOR
LCORL,LCORL
LEF1,LEF1
LEUTX,LEUTX
LHX1,LHX1
LHX2,LHX2
LHX4,LHX4
LHX5,LHX5
LHX6,LHX6
LHX8,LHX8
LHX9,LHX9
LIN28A,LIN28A
LIN28B,LIN28B
LMX1B,LMX1B
LYL1,LYL1
MAF,MAF
MAFA,MAFA
MAFB,MAFB
MAFF,MAFF
MAFG,MAFG
MAFK,MAFK
MAX,MAX
MAZ,MAZ
MBD1,MBD1
MBD2,MBD2
MBD3,MBD3
MBD4,MBD4
MBNL2,MBNL2
MECOM,MECOM
MECP2,MECP2
MEF2A,MEF2A
MEF2B,MEF2B
MEF2C,MEF2C
MEF2D,MEF2D
MEIS1,MEIS1
MEIS2,MEIS2
MEIS3,MEIS3
MEOX1,MEOX1
MEOX2,MEOX2
MESP1,MESP1
MESP2,MESP2
MGA,MGA
MITF,MITF
MIXL1,MIXL1
MKX,MKX
MLX,MLX
MLXIP,MLXIP
MLXIPL,MLXIPL
MNT,MNT
MNX1,MNX1
MSANTD1,MSANTD1
MSANTD3,MSANTD3
MSANTD4,MSANTD4
MSC,MSC
MSGN1,MSGN1
MSX1,MSX1
MSX2,MSX2
MTERF1,MTERF1
MTERF2,MTERF2
MTERF3,MTERF3
MTERF4,MTERF4
MTF1,MTF1
MTF2,MTF2
MXD1,MXD1
MXD3,MXD3
MXD4,MXD4
MXI1,MXI1
MYB,MYB
MYBL1,MYBL1
MYBL2,MYBL2
MYC,MYC
MYCL,MYCL
MYCN,MYCN
MYF5,MYF5
MYF6,MYF6
MYNN,MYNN
MYOD1,MYOD1
MYOG,MYOG
MYPOP,MYPOP
MYRF,MYRF
MYRFL,MYRFL
MYSM1,MYSM1
MYT1,MYT1
MYT1L,MYT1L
NACC2,NACC2
NAIF1,NAIF1
NANOG,NANOG
NANOGNB,NANOGNB
NANOGP8,NANOGP8
NCOA3,NCOA3
NEUROD2,NEUROD2
NEUROD4,NEUROD4
NEUROD6,NEUROD6
NEUROG1,NEUROG1
NEUROG2,NEUROG2
NEUROG3,NEUROG3
NFAT5,NFAT5
NFATC1,NFATC1
NFATC2,NFATC2
NFATC3,NFATC3
NFATC4,NFATC4
NFE2,NFE2
NFE2L1,NFE2L1
NFE2L2,NFE2L2
NFE2L3,NFE2L3
NFE4,NFE4
NFIA,NFIA
NFIB,NFIB
NFIC,NFIC
NFIL3,NFIL3
NFIX,NFIX
NFKB1,NFKB1
NFKB2,NFKB2
NFX1,NFX1
NFXL1,NFXL1
NFYA,NFYA
NFYB,NFYB
NFYC,NFYC
NHLH1,NHLH1
NHLH2,NHLH2
NKRF,NKRF
NKX1-1,NKX1-1
NKX1-2,NKX1-2
NKX2-1,NKX2-1
NKX2-2,NKX2-2
NKX2-3,NKX2-3
NKX2-4,NKX2-4
NKX2-5,NKX2-5
NKX2-6,NKX2-6
NKX2-8,NKX2-8
NKX3-1,NKX3-1
NKX3-2,NKX3-2
NKX6-1,NKX6-1
NKX6-2,NKX6-2
NKX6-3,NKX6-3
NME2,NME2
NOBOX,NOBOX
NOTO,NOTO
NPAS1,NPAS1
NPAS2,NPAS2
NPAS3,NPAS3
NPAS4,NPAS4
NR1D1,NR1D1
NR1D2,NR1D2
NR1H2,NR1H2
NR1H3,NR1H3
NR1I2,NR1I2
NR1I3,NR1I3
NR2C1,NR2C1
NR2C2,NR2C2
NR2E1,NR2E1
NR2E3,NR2E3
NR2F1,NR2F1
NR2F2,NR2F2
NR2F6,NR2F6
NR3C1,NR3C1
NR3C2,NR3C2
NR4A1,NR4A1
NR4A2,NR4A2
NR4A3,NR4A3
NR5A1,NR5A1
NR5A2,NR5A2
NR6A1,NR6A1
NR0B1,NR0B1
NRF1,NRF1
NRL,NRL
OLIG1,OLIG1
OLIG2,OLIG2
OLIG3,OLIG3
ONECUT1,ONECUT1
ONECUT2,ONECUT2
ONECUT3,ONECUT3
OSR1,OSR1
OSR2,OSR2
OTP,OTP
OTX1,OTX1
OTX2,OTX2
OVOL1,OVOL1
OVOL2,OVOL2
OVOL3,OVOL3
PA2G4,PA2G4
PATZ1,PATZ1
PAX1,PAX1
PAX2,PAX2
PAX3,PAX3
PAX4,PAX4
PAX5,PAX5
PAX7,PAX7
PAX8,PAX8
PAX9,PAX9
PBX1,PBX1
PBX2,PBX2
PBX3,PBX3
PBX4,PBX4
PCGF2,PCGF2
PCGF6,PCGF6
PDX1,PDX1
PEG3,PEG3
PGR,PGR
PHF1,PHF1
PHF19,PHF19
PHF20,PHF20
PHF21A,PHF21A
PHOX2A,PHOX2A
PHOX2B,PHOX2B
PIN1,PIN1
PITX1,PITX1
PITX2,PITX2
PITX3,PITX3
PKNOX1,PKNOX1
PKNOX2,PKNOX2
PLAG1,PLAG1
PLAGL1,PLAGL1
PLAGL2,PLAGL2
PLSCR1,PLSCR1
POGK,POGK
POU1F1,POU1F1
POU2AF1,POU2AF1
POU2F1,POU2F1
POU2F2,POU2F2
POU2F3,POU2F3
POU3F1,POU3F1
POU3F2,POU3F2
POU3F3,POU3F3
POU3F4,POU3F4
POU4F1,POU4F1
POU4F2,POU4F2
POU4F3,POU4F3
POU5F1,POU5F1
POU5F1B,POU5F1B
POU5F2,POU5F2
POU6F1,POU6F1
POU6F2,POU6F2
PPARA,PPARA
PPARD,PPARD
PPARG,PPARG
PRDM1,PRDM1
PRDM2,PRDM2
PRDM4,PRDM4
PRDM5,PRDM5
PRDM6,PRDM6
PRDM8,PRDM8
PRDM9,PRDM9
PRDM10,PRDM10
PRDM12,PRDM12
PRDM13,PRDM13
PRDM15,PRDM15
PRDM16,PRDM16
PREB,PREB
PRMT3,PRMT3
PROP1,PROP1
PROX1,PROX1
PROX2,PROX2
PRR12,PRR12
PRRX1,PRRX1
PRRX2,PRRX2
PTF1A,PTF1A
PURA,PURA
PURB,PURB
PURG,PURG
RAG1,RAG1
RARA,RARA
RARB,RARB
RARG,RARG
RAX,RAX
RAX2,RAX2
RBAK,RBAK
RBCK1,RBCK1
RBPJ,RBPJ
RBPJL,RBPJL
RBSN,RBSN
REL,REL
RELA,RELA
RELB,RELB
REPIN1,REPIN1
REST,REST
REXO4,REXO4
RFX1,RFX1
RFX2,RFX2
RFX3,RFX3
RFX4,RFX4
RFX5,RFX5
RFX6,RFX6
RFX7,RFX7
RFX8,RFX8
RHOXF1,RHOXF1
RHOXF2,RHOXF2
RHOXF2B,RHOXF2B
RLF,RLF
RORA,RORA
RORB,RORB
RORC,RORC
RREB1,RREB1
RUNX1,RUNX1
RXRA,RXRA
RXRB,RXRB
RXRG,RXRG
SAFB,SAFB
SAFB2,SAFB2
SALL2,SALL2
SALL3,SALL3
SALL4,SALL4
SATB1,SATB1
SATB2,SATB2
SCMH1,SCMH1
SCML4,SCML4
SCRT1,SCRT1
SCRT2,SCRT2
SCX,SCX
SEBOX,SEBOX
SETBP1,SETBP1
SETDB1,SETDB1
SETDB2,SETDB2
SGSM2,SGSM2
SHOX,SHOX
SHOX2,SHOX2
SIM1,SIM1
SIM2,SIM2
SIX1,SIX1
SIX2,SIX2
SIX3,SIX3
SIX4,SIX4
SIX5,SIX5
SIX6,SIX6
SKI,SKI
SKIL,SKIL
SKOR1,SKOR1
SKOR2,SKOR2
SLC2A4RG,SLC2A4RG
SMAD1,SMAD1
SMAD3,SMAD3
SMAD4,SMAD4
SMAD5,SMAD5
SMAD9,SMAD9
SNAI1,SNAI1
SNAI2,SNAI2
SNAI3,SNAI3
SNAPC2,SNAPC2
SNAPC4,SNAPC4
SNAPC5,SNAPC5
SOHLH1,SOHLH1
SOHLH2,SOHLH2
SON,SON
SOX1,SOX1
SOX2,SOX2
SOX4,SOX4
SOX5,SOX5
SOX6,SOX6
SOX7,SOX7
SOX8,SOX8
SOX9,SOX9
SOX10,SOX10
SOX11,SOX11
SOX12,SOX12
SOX13,SOX13
SOX14,SOX14
SOX15,SOX15
SOX17,SOX17
SOX18,SOX18
SOX21,SOX21
SOX30,SOX30
SP1,SP1
SP2,SP2
SP3,SP3
SP4,SP4
SP5,SP5
SP6,SP6
SP7,SP7
SP8,SP8
SP9,SP9
SP100,SP100
SP110,SP110
SP140,SP140
SP140L,SP140L
SPDEF,SPDEF
SPEN,SPEN
SPI1,SPI1
SPIB,SPIB
SPIC,SPIC
SPZ1,SPZ1
SRCAP,SRCAP
SREBF1,SREBF1
SREBF2,SREBF2
SRF,SRF
SRY,SRY
ST18,ST18
STAT1,STAT1
STAT2,STAT2
STAT3,STAT3
STAT4,STAT4
STAT5A,STAT5A
STAT5B,STAT5B
STAT6,STAT6
TAL1,TAL1
TBP,TBP
TBPL1,TBPL1
TBPL2,TBPL2
TBR1,TBR1
TBX1,TBX1
TBX2,TBX2
TBX4,TBX4
TBX5,TBX5
TBX6,TBX6
TBX10,TBX10
TBX15,TBX15
TBX18,TBX18
TBX19,TBX19
TBX20,TBX20
TBX21,TBX21
TBX22,TBX22
TBXT,TBXT
TCF3,TCF3
TCF4,TCF4
TCF7,TCF7
TCF7L1,TCF7L1
TCF7L2,TCF7L2
TCF12,TCF12
TCF15,TCF15
TCF20,TCF20
TCF21,TCF21
TCF23,TCF23
TCF24,TCF24
TCFL5,TCFL5
TEAD1,TEAD1
TEAD2,TEAD2
TEAD3,TEAD3
TEAD4,TEAD4
TEF,TEF
TERB1,TERB1
TERF1,TERF1
TERF2,TERF2
TET1,TET1
TET3,TET3
TFAP2A,TFAP2A
TFAP2B,TFAP2B
TFAP2C,TFAP2C
TFAP2D,TFAP2D
TFAP2E,TFAP2E
TFAP4,TFAP4
TFCP2,TFCP2
TFCP2L1,TFCP2L1
TFDP1,TFDP1
TFDP2,TFDP2
TFDP3,TFDP3
TFE3,TFE3
TFEB,TFEB
TFEC,TFEC
TGIF1,TGIF1
TGIF2,TGIF2
TGIF2LX,TGIF2LX
TGIF2LY,TGIF2LY
THAP1,THAP1
THAP2,THAP2
THAP3,THAP3
THAP4,THAP4
THAP5,THAP5
THAP6,THAP6
THAP7,THAP7
THAP8,THAP8
THAP9,THAP9
THAP10,THAP10
THAP11,THAP11
THAP12,THAP12
THRA,THRA
THRB,THRB
THYN1,THYN1
TIGD1,TIGD1
TIGD2,TIGD2
TIGD3,TIGD3
TIGD4,TIGD4
TIGD5,TIGD5
TIGD6,TIGD6
TIGD7,TIGD7
TLX1,TLX1
TLX2,TLX2
TLX3,TLX3
TMF1,TMF1
TOPORS,TOPORS
TP53,TP53
TP63,TP63
TP73,TP73
TPRX1,TPRX1
TRAFD1,TRAFD1
TRERF1,TRERF1
TRPS1,TRPS1
TSC22D1,TSC22D1
TSHZ1,TSHZ1
TSHZ2,TSHZ2
TSHZ3,TSHZ3
TTF1,TTF1
TWIST1,TWIST1
TWIST2,TWIST2
UBP1,UBP1
UNCX,UNCX
USF1,USF1
USF2,USF2
USF3,USF3
VAX1,VAX1
VAX2,VAX2
VDR,VDR
VENTX,VENTX
VEZF1,VEZF1
VSX1,VSX1
VSX2,VSX2
WIZ,WIZ
WT1,WT1
XBP1,XBP1
XPA,XPA
YBX1,YBX1
YBX3,YBX3
YY1,YY1
YY2,YY2
ZBED1,ZBED1
ZBED2,ZBED2
ZBED3,ZBED3
ZBED4,ZBED4
ZBED5,ZBED5
ZBED6,ZBED6
ZBED9,ZBED9
ZBTB1,ZBTB1
ZBTB2,ZBTB2
ZBTB3,ZBTB3
ZBTB4,ZBTB4
ZBTB5,ZBTB5
ZBTB6,ZBTB6
ZBTB7A,ZBTB7A
ZBTB7B,ZBTB7B
ZBTB7C,ZBTB7C
ZBTB8A,ZBTB8A
ZBTB8B,ZBTB8B
ZBTB9,ZBTB9
ZBTB10,ZBTB10
ZBTB11,ZBTB11
ZBTB12,ZBTB12
ZBTB14,ZBTB14
ZBTB16,ZBTB16
ZBTB17,ZBTB17
ZBTB18,ZBTB18
ZBTB20,ZBTB20
ZBTB21,ZBTB21
ZBTB22,ZBTB22
ZBTB24,ZBTB24
ZBTB25,ZBTB25
ZBTB26,ZBTB26
ZBTB32,ZBTB32
ZBTB33,ZBTB33
ZBTB34,ZBTB34
ZBTB37,ZBTB37
ZBTB38,ZBTB38
ZBTB39,ZBTB39
ZBTB40,ZBTB40
ZBTB41,ZBTB41
ZBTB42,ZBTB42
ZBTB43,ZBTB43
ZBTB44,ZBTB44
ZBTB45,ZBTB45
ZBTB46,ZBTB46
ZBTB47,ZBTB47
ZBTB48,ZBTB48
ZBTB49,ZBTB49
ZC3H8,ZC3H8
ZEB1,ZEB1
ZEB2,ZEB2
ZFAT,ZFAT
ZFHX2,ZFHX2
ZFHX3,ZFHX3
ZFHX4,ZFHX4
ZFP1,ZFP1
ZFP2,ZFP2
ZFP3,ZFP3
ZFP14,ZFP14
ZFP28,ZFP28
ZFP30,ZFP30
ZFP37,ZFP37
ZFP41,ZFP41
ZFP42,ZFP42
ZFP57,ZFP57
ZFP62,ZFP62
ZFP64,ZFP64
ZFP69,ZFP69
ZFP69B,ZFP69B
ZFP82,ZFP82
ZFP90,ZFP90
ZFP91,ZFP91
ZFP92,ZFP92
ZFPM1,ZFPM1
ZFPM2,ZFPM2
ZFTA,ZFTA
ZFX,ZFX
ZFY,ZFY
ZGLP1,ZGLP1
ZGPAT,ZGPAT
ZHX1,ZHX1
ZHX2,ZHX2
ZHX3,ZHX3
ZIC1,ZIC1
ZIC2,ZIC2
ZIC3,ZIC3
ZIC4,ZIC4
ZIC5,ZIC5
ZIK1,ZIK1
ZIM2,ZIM2
ZKSCAN1,ZKSCAN1
ZKSCAN2,ZKSCAN2
ZKSCAN3,ZKSCAN3
ZKSCAN4,ZKSCAN4
ZKSCAN5,ZKSCAN5
ZKSCAN7,ZKSCAN7
ZKSCAN8,ZKSCAN8
ZMAT1,ZMAT1
ZMAT4,ZMAT4
ZNF2,ZNF2
ZNF3,ZNF3
ZNF7,ZNF7
ZNF8,ZNF8
ZNF10,ZNF10
ZNF12,ZNF12
ZNF14,ZNF14
ZNF16,ZNF16
ZNF17,ZNF17
ZNF18,ZNF18
ZNF19,ZNF19
ZNF20,ZNF20
ZNF22,ZNF22
ZNF23,ZNF23
ZNF24,ZNF24
ZNF25,ZNF25
ZNF26,ZNF26
ZNF28,ZNF28
ZNF30,ZNF30
ZNF32,ZNF32
ZNF33A,ZNF33A
ZNF33B,ZNF33B
ZNF34,ZNF34
ZNF35,ZNF35
ZNF37A,ZNF37A
ZNF41,ZNF41
ZNF43,ZNF43
ZNF44,ZNF44
ZNF45,ZNF45
ZNF48,ZNF48
ZNF57,ZNF57
ZNF66,ZNF66
ZNF69,ZNF69
ZNF70,ZNF70
ZNF71,ZNF71
ZNF74,ZNF74
ZNF75A,ZNF75A
ZNF75D,ZNF75D
ZNF76,ZNF76
ZNF77,ZNF77
ZNF79,ZNF79
ZNF80,ZNF80
ZNF81,ZNF81
ZNF83,ZNF83
ZNF84,ZNF84
ZNF85,ZNF85
ZNF90,ZNF90
ZNF91,ZNF91
ZNF92,ZNF92
ZNF93,ZNF93
ZNF98,ZNF98
ZNF99,ZNF99
ZNF100,ZNF100
ZNF101,ZNF101
ZNF107,ZNF107
ZNF112,ZNF112
ZNF114,ZNF114
ZNF117,ZNF117
ZNF121,ZNF121
ZNF124,ZNF124
ZNF131,ZNF131
ZNF132,ZNF132
ZNF133,ZNF133
ZNF134,ZNF134
ZNF135,ZNF135
ZNF136,ZNF136
ZNF138,ZNF138
ZNF140,ZNF140
ZNF141,ZNF141
ZNF142,ZNF142
ZNF143,ZNF143
ZNF146,ZNF146
ZNF148,ZNF148
ZNF154,ZNF154
ZNF155,ZNF155
ZNF157,ZNF157
ZNF160,ZNF160
ZNF165,ZNF165
ZNF169,ZNF169
ZNF174,ZNF174
ZNF175,ZNF175
ZNF177,ZNF177
ZNF180,ZNF180
ZNF181,ZNF181
ZNF182,ZNF182
ZNF184,ZNF184
ZNF189,ZNF189
ZNF195,ZNF195
ZNF197,ZNF197
ZNF200,ZNF200
ZNF202,ZNF202
ZNF205,ZNF205
ZNF207,ZNF207
ZNF208,ZNF208
ZNF211,ZNF211
ZNF212,ZNF212
ZNF213,ZNF213
ZNF214,ZNF214
ZNF215,ZNF215
ZNF217,ZNF217
ZNF219,ZNF219
ZNF221,ZNF221
ZNF222,ZNF222
ZNF223,ZNF223
ZNF224,ZNF224
ZNF225,ZNF225
ZNF226,ZNF226
ZNF227,ZNF227
ZNF229,ZNF229
ZNF230,ZNF230
ZNF232,ZNF232
ZNF233,ZNF233
ZNF234,ZNF234
ZNF235,ZNF235
ZNF236,ZNF236
ZNF239,ZNF239
ZNF248,ZNF248
ZNF250,ZNF250
ZNF251,ZNF251
ZNF253,ZNF253
ZNF254,ZNF254
ZNF256,ZNF256
ZNF257,ZNF257
ZNF260,ZNF260
ZNF263,ZNF263
ZNF264,ZNF264
ZNF266,ZNF266
ZNF267,ZNF267
ZNF268,ZNF268
ZNF273,ZNF273
ZNF274,ZNF274
ZNF275,ZNF275
ZNF276,ZNF276
ZNF277,ZNF277
ZNF280A,ZNF280A
ZNF280B,ZNF280B
ZNF280C,ZNF280C
ZNF280D,ZNF280D
ZNF281,ZNF281
ZNF282,ZNF282
ZNF283,ZNF283
ZNF284,ZNF284
ZNF285,ZNF285
ZNF286A,ZNF286A
ZNF286B,ZNF286B
ZNF287,ZNF287
ZNF292,ZNF292
ZNF296,ZNF296
ZNF300,ZNF300
ZNF302,ZNF302
ZNF304,ZNF304
ZNF311,ZNF311
ZNF316,ZNF316
ZNF317,ZNF317
ZNF318,ZNF318
ZNF319,ZNF319
ZNF320,ZNF320
ZNF322,ZNF322
ZNF324,ZNF324
ZNF324B,ZNF324B
ZNF326,ZNF326
ZNF329,ZNF329
ZNF331,ZNF331
ZNF333,ZNF333
ZNF334,ZNF334
ZNF335,ZNF335
ZNF337,ZNF337
ZNF341,ZNF341
ZNF343,ZNF343
ZNF345,ZNF345
ZNF346,ZNF346
ZNF347,ZNF347
ZNF350,ZNF350
ZNF354A,ZNF354A
ZNF354B,ZNF354B
ZNF354C,ZNF354C
ZNF358,ZNF358
ZNF362,ZNF362
ZNF366,ZNF366
ZNF367,ZNF367
ZNF382,ZNF382
ZNF383,ZNF383
ZNF384,ZNF384
ZNF385A,ZNF385A
ZNF385B,ZNF385B
ZNF385C,ZNF385C
ZNF385D,ZNF385D
ZNF391,ZNF391
ZNF394,ZNF394
ZNF395,ZNF395
ZNF396,ZNF396
ZNF397,ZNF397
ZNF398,ZNF398
ZNF404,ZNF404
ZNF407,ZNF407
ZNF408,ZNF408
ZNF410,ZNF410
ZNF414,ZNF414
ZNF415,ZNF415
ZNF416,ZNF416
ZNF417,ZNF417
ZNF418,ZNF418
ZNF419,ZNF419
ZNF420,ZNF420
ZNF423,ZNF423
ZNF425,ZNF425
ZNF426,ZNF426
ZNF428,ZNF428
ZNF429,ZNF429
ZNF430,ZNF430
ZNF431,ZNF431
ZNF432,ZNF432
ZNF433,ZNF433
ZNF436,ZNF436
ZNF438,ZNF438
ZNF439,ZNF439
ZNF440,ZNF440
ZNF441,ZNF441
ZNF442,ZNF442
ZNF443,ZNF443
ZNF444,ZNF444
ZNF445,ZNF445
ZNF446,ZNF446
ZNF449,ZNF449
ZNF451,ZNF451
ZNF454,ZNF454
ZNF460,ZNF460
ZNF461,ZNF461
ZNF462,ZNF462
ZNF467,ZNF467
ZNF468,ZNF468
ZNF469,ZNF469
ZNF470,ZNF470
ZNF471,ZNF471
ZNF473,ZNF473
ZNF474,ZNF474
ZNF479,ZNF479
ZNF480,ZNF480
ZNF483,ZNF483
ZNF484,ZNF484
ZNF485,ZNF485
ZNF486,ZNF486
ZNF487,ZNF487
ZNF488,ZNF488
ZNF490,ZNF490
ZNF491,ZNF491
ZNF492,ZNF492
ZNF493,ZNF493
ZNF496,ZNF496
ZNF497,ZNF497
ZNF500,ZNF500
ZNF501,ZNF501
ZNF502,ZNF502
ZNF503,ZNF503
ZNF506,ZNF506
ZNF507,ZNF507
ZNF510,ZNF510
ZNF511,ZNF511
ZNF512,ZNF512
ZNF512B,ZNF512B
ZNF513,ZNF513
ZNF514,ZNF514
ZNF516,ZNF516
ZNF517,ZNF517
ZNF518A,ZNF518A
ZNF518B,ZNF518B
ZNF519,ZNF519
ZNF521,ZNF521
ZNF524,ZNF524
ZNF525,ZNF525
ZNF527,ZNF527
ZNF528,ZNF528
ZNF529,ZNF529
ZNF530,ZNF530
ZNF532,ZNF532
ZNF534,ZNF534
ZNF536,ZNF536
ZNF540,ZNF540
ZNF541,ZNF541
ZNF543,ZNF543
ZNF544,ZNF544
ZNF546,ZNF546
ZNF547,ZNF547
ZNF548,ZNF548
ZNF549,ZNF549
ZNF550,ZNF550
ZNF551,ZNF551
ZNF552,ZNF552
ZNF554,ZNF554
ZNF555,ZNF555
ZNF556,ZNF556
ZNF557,ZNF557
ZNF558,ZNF558
ZNF559,ZNF559
ZNF560,ZNF560
ZNF561,ZNF561
ZNF562,ZNF562
ZNF563,ZNF563
ZNF564,ZNF564
ZNF565,ZNF565
ZNF566,ZNF566
ZNF567,ZNF567
ZNF568,ZNF568
ZNF569,ZNF569
ZNF570,ZNF570
ZNF571,ZNF571
ZNF572,ZNF572
ZNF573,ZNF573
ZNF574,ZNF574
ZNF575,ZNF575
ZNF576,ZNF576
ZNF577,ZNF577
ZNF578,ZNF578
ZNF579,ZNF579
ZNF580,ZNF580
ZNF581,ZNF581
ZNF582,ZNF582
ZNF583,ZNF583
ZNF584,ZNF584
ZNF585A,ZNF585A
ZNF585B,ZNF585B
ZNF586,ZNF586
ZNF587,ZNF587
ZNF587B,ZNF587B
ZNF589,ZNF589
ZNF592,ZNF592
ZNF594,ZNF594
ZNF595,ZNF595
ZNF596,ZNF596
ZNF597,ZNF597
ZNF598,ZNF598
ZNF599,ZNF599
ZNF600,ZNF600
ZNF605,ZNF605
ZNF606,ZNF606
ZNF607,ZNF607
ZNF608,ZNF608
ZNF609,ZNF609
ZNF610,ZNF610
ZNF611,ZNF611
ZNF613,ZNF613
ZNF614,ZNF614
ZNF615,ZNF615
ZNF616,ZNF616
ZNF618,ZNF618
ZNF619,ZNF619
ZNF620,ZNF620
ZNF621,ZNF621
ZNF623,ZNF623
ZNF624,ZNF624
ZNF625,ZNF625
ZNF626,ZNF626
ZNF627,ZNF627
ZNF628,ZNF628
ZNF629,ZNF629
ZNF630,ZNF630
ZNF639,ZNF639
ZNF641,ZNF641
ZNF644,ZNF644
ZNF646,ZNF646
ZNF648,ZNF648
ZNF649,ZNF649
ZNF652,ZNF652
ZNF653,ZNF653
ZNF654,ZNF654
ZNF655,ZNF655
ZNF658,ZNF658
ZNF660,ZNF660
ZNF662,ZNF662
ZNF664,ZNF664
ZNF665,ZNF665
ZNF667,ZNF667
ZNF668,ZNF668
ZNF669,ZNF669
ZNF670,ZNF670
ZNF671,ZNF671
ZNF672,ZNF672
ZNF674,ZNF674
ZNF675,ZNF675
ZNF676,ZNF676
ZNF677,ZNF677
ZNF678,ZNF678
ZNF679,ZNF679
ZNF680,ZNF680
ZNF681,ZNF681
ZNF682,ZNF682
ZNF683,ZNF683
ZNF684,ZNF684
ZNF687,ZNF687
ZNF688,ZNF688
ZNF689,ZNF689
ZNF691,ZNF691
ZNF692,ZNF692
ZNF695,ZNF695
ZNF696,ZNF696
ZNF697,ZNF697
ZNF699,ZNF699
ZNF700,ZNF700
ZNF701,ZNF701
ZNF703,ZNF703
ZNF704,ZNF704
ZNF705A,ZNF705A
ZNF705B,ZNF705B
ZNF705D,ZNF705D
ZNF705G,ZNF705G
ZNF706,ZNF706
ZNF707,ZNF707
ZNF708,ZNF708
ZNF709,ZNF709
ZNF710,ZNF710
ZNF711,ZNF711
ZNF713,ZNF713
ZNF716,ZNF716
ZNF717,ZNF717
ZNF721,ZNF721
ZNF724,ZNF724
ZNF726,ZNF726
ZNF727,ZNF727
ZNF728,ZNF728
ZNF729,ZNF729
ZNF730,ZNF730
ZNF732,ZNF732
ZNF735,ZNF735
ZNF736,ZNF736
ZNF737,ZNF737
ZNF740,ZNF740
ZNF746,ZNF746
ZNF747,ZNF747
ZNF749,ZNF749
ZNF750,ZNF750
ZNF761,ZNF761
ZNF763,ZNF763
ZNF764,ZNF764
ZNF765,ZNF765
ZNF766,ZNF766
ZNF768,ZNF768
ZNF770,ZNF770
ZNF771,ZNF771
ZNF772,ZNF772
ZNF773,ZNF773
ZNF774,ZNF774
ZNF775,ZNF775
ZNF776,ZNF776
ZNF777,ZNF777
ZNF778,ZNF778
ZNF780A,ZNF780A
ZNF780B,ZNF780B
ZNF781,ZNF781
ZNF782,ZNF782
ZNF783,ZNF783
ZNF784,ZNF784
ZNF785,ZNF785
ZNF786,ZNF786
ZNF787,ZNF787
ZNF788P,ZNF788P
ZNF789,ZNF789
ZNF790,ZNF790
ZNF791,ZNF791
ZNF792,ZNF792
ZNF793,ZNF793
ZNF799,ZNF799
ZNF800,ZNF800
ZNF804A,ZNF804A
ZNF804B,ZNF804B
ZNF808,ZNF808
ZNF814,ZNF814
ZNF816,ZNF816
ZNF821,ZNF821
ZNF823,ZNF823
ZNF827,ZNF827
ZNF829,ZNF829
ZNF830,ZNF830
ZNF831,ZNF831
ZNF835,ZNF835
ZNF836,ZNF836
ZNF837,ZNF837
ZNF841,ZNF841
ZNF843,ZNF843
ZNF844,ZNF844
ZNF845,ZNF845
ZNF846,ZNF846
ZNF850,ZNF850
ZNF852,ZNF852
ZNF853,ZNF853
ZNF860,ZNF860
ZNF865,ZNF865
ZNF875,ZNF875
ZNF878,ZNF878
ZNF879,ZNF879
ZNF880,ZNF880
ZNF883,ZNF883
ZNF888,ZNF888
ZSCAN2,ZSCAN2
ZSCAN4,ZSCAN4
ZSCAN5A,ZSCAN5A
ZSCAN5B,ZSCAN5B
ZSCAN5C,ZSCAN5C
ZSCAN9,ZSCAN9
ZSCAN10,ZSCAN10
ZSCAN12,ZSCAN12
ZSCAN16,ZSCAN16
ZSCAN18,ZSCAN18
ZSCAN20,ZSCAN20
ZSCAN21,ZSCAN21
ZSCAN22,ZSCAN22
ZSCAN23,ZSCAN23
ZSCAN25,ZSCAN25
ZSCAN26,ZSCAN26
ZSCAN29,ZSCAN29
ZSCAN30,ZSCAN30
ZSCAN31,ZSCAN31
ZSCAN32,ZSCAN32
ZUP1,ZUP1
ZXDA,ZXDA
ZXDB,ZXDB
ZXDC,ZXDC
ZZZ3,ZZZ3
